Categoria_Principal,Linha_Trabalho,Sub_Categoria,Nome_Ponto,Tipo_Toque,Link_Youtube
Pontos de Entidades,Esquerda,N/A,Ogum - Orixa Regente,Tipos de Toque,Links
Pontos de Entidades,Esquerda,N/A,Pedimos licença a Zambi,Samba,https://www.youtube.com/watch?v=bA2X-co8W7o
Pontos de Entidades,Esquerda,N/A,Dono do dia,Congo,https://www.youtube.com/watch?v=iq5A4tGOZ6M
Pontos de Entidades,Esquerda,N/A,Abra a minha estrada,Congo,https://www.youtube.com/watch?v=1WFD0jkwDv4
Pontos de Entidades,Esquerda,N/A,General da Umbanda,Congo,https://www.youtube.com/watch?v=2NDSs058_cY
Pontos de Entidades,Esquerda,N/A,Ogum Xoroke,Congo,https://www.youtube.com/watch?v=gkwRb9SX6P0
Pontos de Entidades,Esquerda,N/A,Quando Ogum partiu pra Guerra,Congo,https://www.youtube.com/watch?v=xsNB5bxl6rw
Pontos de Entidades,Esquerda,N/A,Armas do Ouro de Oxum,Congo,https://www.youtube.com/watch?v=tr6Fs5loibM
Pontos de Entidades,Esquerda,N/A,Ogum me disse que dançar nago é bom,Congo,https://www.youtube.com/watch?v=qxqwuuIUw9c
Pontos de Entidades,Esquerda,N/A,A Umbanda Clareoou,Samba,https://www.youtube.com/watch?v=FRwk8vpRH9g
Pontos de Entidades,Esquerda,N/A,Estava na beira da praia,Samba,https://www.youtube.com/watch?v=mACNo-Da3qA
Pontos de Entidades,Esquerda,N/A,Filho de Ogum,Samba,https://www.youtube.com/watch?v=DH19RjHGuiY
Pontos de Entidades,Esquerda,N/A,Subida de Ogum,Ijexá,https://www.youtube.com/watch?v=RM8-M_vOZRA
Pontos de Entidades,Esquerda,N/A,Oxum - Orixa Regente,Tipos de Toque,Links
Pontos de Entidades,Esquerda,N/A,Um Balaio de Amor,Ijexá/ Congo,https://www.youtube.com/watch?v=XOLwoqFVpU0
Pontos de Entidades,Esquerda,N/A,Canta Oxum,Samba/ Ijexá,https://www.youtube.com/watch?v=7X4V3fg4-Ns
Pontos de Entidades,Esquerda,N/A,Aguas de Oxum,Ijexá,https://www.youtube.com/watch?v=W7S8x02nvXM
Pontos de Entidades,Esquerda,N/A,Mamãe Oxum estava sentada na pedreira,Ijexá,https://www.youtube.com/watch?v=sYRX_aNBte0
Pontos de Entidades,Esquerda,N/A,Eu vi Mamãe Oxum na caxoeira,Ijexá,https://www.youtube.com/watch?v=1VtgdeaAVNk
Pontos de Entidades,Esquerda,N/A,Mamãe Oxum salve a sua cachoeira,Ijexá,https://www.youtube.com/watch?v=7f1L4N1ez0Q
Pontos de Entidades,Esquerda,N/A,Foi na beira do rio,Ijexá,https://www.youtube.com/watch?v=JN8KgP4bsXU
Pontos de Entidades,Esquerda,N/A,Oxúm Emoriô,Ijexá/ Samba,https://www.youtube.com/watch?v=yy1nY9fAm7g
Pontos de Entidades,Esquerda,N/A,A cachoeira da Mamãe Oxum,Ijexá,https://www.youtube.com/watch?v=no7bjvYSmAI
Pontos de Entidades,Esquerda,N/A,Esquerda,Tipos de Toque,Links
Pontos de Entidades,Esquerda,N/A,"Ela é Feiticeira, Ela é poderosa ela tem Axé",Samba,https://www.youtube.com/watch?v=5KgpyT5ccy8
Pontos de Entidades,Esquerda,N/A,Pombogira não pode faltar,Congo,https://www.youtube.com/watch?v=41e-Bbr6QbE
Pontos de Entidades,Esquerda,N/A,Que Linda Risada,Samba,https://www.youtube.com/watch?v=YGSMGe7VR88&t=102s
Pontos de Entidades,Esquerda,N/A,Sacode o pó,Samba,https://www.youtube.com/watch?v=WUXP2KZ4pSw
Pontos de Entidades,Esquerda,N/A,Morada de Rosa Caveira,Barra Vento,https://www.youtube.com/watch?v=UmV1mYSLE4w
Pontos de Entidades,Esquerda,N/A,Fui na Calunga não pude entrar,Barra Vento,https://www.youtube.com/watch?v=noV0BdlNE7k&list=RDnoV0BdlNE7k&start_radio=1
Pontos de Entidades,Esquerda,N/A,Nasceu uma Rosa,Barra Vento,https://www.youtube.com/watch?v=HwZjhOxbvyc
Pontos de Entidades,Esquerda,N/A,Do luxo ao lixo,Barra Vento,https://www.youtube.com/watch?si=Ultm9b0Rl1ox_XST&v=QZmn8J23QEA&feature=youtu.be
Pontos de Entidades,Esquerda,N/A,"Madrugada ê, madrugada â",Barra Vento,https://www.youtube.com/watch?v=RKgvZ_85SEM
Pontos de Entidades,Esquerda,N/A,"Maria Mulambo, esse agrado é pra você",Congo,https://www.youtube.com/watch?v=Btx6oT1fx4I
Pontos de Entidades,Esquerda,N/A,Que Mulher é aquela?,Congo,https://www.tiktok.com/@madu.d_umbanda/video/7227249761542343941?_r=1&_t=8d6iPixU3lN
Pontos de Entidades,Esquerda,N/A,Mas que caminho tão escuro,Congo,https://www.tiktok.com/@pontodeexu/video/7295768096814402822?q=mas%20que%20caminho%20tao%20escuro%20mulambo&t=1702313810510
Pontos de Entidades,Esquerda,N/A,Cova 66,Barra Vento,https://www.youtube.com/watch?v=A1ZOgSA7lMA
Pontos de Entidades,Esquerda,N/A,Foi condenada pela lei da inquisição,Samba,https://www.youtube.com/watch?v=PDCkd4QSYuM
Pontos de Entidades,Esquerda,N/A,A Catatumba,Samba,https://www.youtube.com/watch?v=x8ulskjl1Ck
Pontos de Entidades,Esquerda,N/A,7 Saias ta chegando,Samba,https://www.youtube.com/watch?v=kqYsVYrGn0U
Pontos de Entidades,Esquerda,N/A,Caixão de Veludo,Samba,https://www.youtube.com/watch?v=vRizPsj0_ec
Pontos de Entidades,Esquerda,N/A,No terreiro chegou,Barra Vento,https://www.youtube.com/watch?v=-b46D4bbi-c
Pontos de Entidades,Esquerda,N/A,Tremeu Tremeu,Congo,https://www.youtube.com/watch?v=LByDfIiTCeI
Pontos de Entidades,Esquerda,N/A,Sentinela do Amor,Barra Vento,https://www.youtube.com/watch?v=T68I9wwxcSM
Pontos de Entidades,Esquerda,N/A,Ela é Mojubá,Samba,https://www.youtube.com/watch?v=v_6pz8PjTVg
Pontos de Entidades,Esquerda,N/A,Seu caldeirão tem feitiçaria,Congo,
Pontos de Entidades,Esquerda,N/A,Bem que eu lhe avisei pra você não jogar comigo,Samba,https://www.youtube.com/watch?v=BEFN05MAJkk
Pontos de Entidades,Esquerda,N/A,Pombogira Cigana de Fé,Samba,https://www.youtube.com/watch?v=qpP6JPUbPBM
Pontos de Entidades,Esquerda,N/A,Joguei no Rei e parei no As,Samba,https://www.youtube.com/shorts/jFWavI51F4o
Pontos de Entidades,Esquerda,N/A,Olha que menina Linda,Ijexá,https://www.youtube.com/watch?v=7KQJnE7aee0
Pontos de Entidades,Esquerda,N/A,Ela pisa devagar,Samba,https://www.youtube.com/watch?v=MdAdJTT7BbE
Pontos de Entidades,Esquerda,N/A,"Chorei, Chorei",Samba,https://www.youtube.com/watch?v=0gU5AMgFNnA
Pontos de Entidades,Esquerda,N/A,"Pombogira Menina, Linda como uma Flor",Samba,https://www.youtube.com/watch?v=fneK30CyxLI
Pontos de Entidades,Esquerda,N/A,Ele vem vindo,Barra Vento,https://www.youtube.com/watch?v=ZlKJuqbjd3U
Pontos de Entidades,Esquerda,N/A,Soltaram o Bodê Preto,Samba,https://www.youtube.com/watch?v=IPgZ713V9CI
Pontos de Entidades,Esquerda,N/A,Tata Caveira me chamou na Calunga,Samba,https://www.youtube.com/watch?v=NVUGedxR3jY
Pontos de Entidades,Esquerda,N/A,O sino deu 12 badalada,Congo,https://www.youtube.com/watch?v=L9-hnyAX7NU
Pontos de Entidades,Esquerda,N/A,00:00 em ponto,Congo,https://www.youtube.com/watch?v=P1s_kVbekG0
Pontos de Entidades,Esquerda,N/A,"Se hoje eu tenho caminhos, agradeço a você",Samba,https://www.youtube.com/watch?v=3ezWLPv9NCU
Pontos de Entidades,Esquerda,N/A,Encontrei um Homem Estranho,Samba,https://www.youtube.com/watch?v=eFhFANmozeA
Pontos de Entidades,Esquerda,N/A,História que aconteceu comigo,Congo,https://www.youtube.com/watch?v=7DgCLUc-f2Q
Pontos de Entidades,Esquerda,N/A,Quem ilumina a noite,Congo,https://www.tiktok.com/@curimbajovem/video/7295044900607839494?q=exu%207%20luas%20pontos&t=1702310558911
Pontos de Entidades,Esquerda,N/A,Foi sob a Lua,Samba,https://www.youtube.com/watch?v=CDudbYKam1s
Pontos de Entidades,Esquerda,N/A,Sem Sete Luas não sou nada,Samba,https://www.youtube.com/watch?v=PZu_UsLCTaE
Pontos de Entidades,Esquerda,N/A,Quem fez essa cova,Samba,https://www.youtube.com/shorts/r2fglRJwlPU
Pontos de Entidades,Esquerda,N/A,La na Calunga avistei um homem,Congo,https://www.youtube.com/watch?v=mi3-CRIl_0U
Pontos de Entidades,Esquerda,N/A,No corredor do Cemitério,Congo,https://www.youtube.com/watch?v=20rLj7hcjDU
Pontos de Entidades,Esquerda,N/A,Sua Cova é Funda,Barra Vento,https://www.youtube.com/watch?v=0eIBUPuogHw
Pontos de Entidades,Esquerda,N/A,Quando eu passei naquela estrada,Samba,https://www.youtube.com/watch?v=qLzn6zViOm4
Pontos de Entidades,Esquerda,N/A,"A lua brilhou, anoiteceu",Congo,https://www.youtube.com/shorts/cRWzdhqejHg
Pontos de Entidades,Esquerda,N/A,Pisa Certo Yaô,Congo,https://www.youtube.com/watch?v=1U1csh97TF8
Pontos de Entidades,Esquerda,N/A,Ventou no Canavial,Congo,https://www.youtube.com/watch?v=e_blFzt6Hwk
Pontos de Entidades,Esquerda,N/A,Luar Luar (ESTÁ EM UMA PARTE DO VIDEO),Samba,https://www.youtube.com/watch?v=fMutL_1MDL0
Pontos de Entidades,Esquerda,N/A,Eu vi um homem no meio da rua,Congo,https://www.tiktok.com/@isaquesemog/video/7308059059515706629?q=eu%20vi%20um%20homem%20no%20meio%20da%20Rua%20chamei%20baixinho&t=1702313676743
Pontos de Entidades,Esquerda,N/A,"No Cemitério, lado esquerdo de uma Tumba",Barra Vento,https://www.youtube.com/watch?v=isFsvM1joqk
Pontos de Entidades,Esquerda,N/A,Deu um clarão na Encruzilhada,Samba,https://www.youtube.com/watch?v=efJHImXVjoI
Pontos de Entidades,Esquerda,N/A,Ô Luar Ô Luar,Samba,https://www.youtube.com/watch?v=zpag2v8ZjP4
Pontos de Entidades,Esquerda,N/A,Deu Meia Noite na terra e no Mar,Congo,https://www.youtube.com/watch?v=b4IjfSQ_q9M
Pontos de Entidades,Esquerda,N/A,Se tem tronco no caminho,Samba,https://www.youtube.com/watch?v=p0mivxFafxE
Pontos de Entidades,Esquerda,N/A,Eu passei na casa do moço,Samba,https://www.youtube.com/watch?v=5DCTuI_-dWU
Pontos de Entidades,Esquerda,N/A,Tambor bateu a meia noite,Congo,https://www.tiktok.com/@_umbandomble/video/7177106343805865222?q=Capa%20Preta%20Ponto&t=1694224777423
Pontos de Entidades,Esquerda,N/A,Cinturação de Ferro,Congo,https://www.tiktok.com/@ogansdeode/video/7263207210568715525
Pontos de Entidades,Esquerda,N/A,Xangô quem batizou,Congo,https://www.tiktok.com/@aprendizdeoga/video/7312512298222947589
Pontos de Entidades,Esquerda,N/A,Qua qua qua qua,Congo,https://www.youtube.com/watch?v=faP5T2yDrok
Pontos de Entidades,Esquerda,N/A,Escorreguei na lama,Congo,https://www.youtube.com/watch?v=C0DOTojKdZo&list=PLjH2d5Kagkv2wvvn7klb25uzCeWIqq6mT&index=2
Pontos de Entidades,Esquerda,N/A,Leva pro Lodo minha dor,Congo,https://www.youtube.com/watch?v=N-LfTdNsge4&list=PLjH2d5Kagkv2wvvn7klb25uzCeWIqq6mT&index=3
Pontos de Entidades,Esquerda,N/A,"Pedra de Sal, pedra de Sal é Salgueiro",Barra Vento,https://www.youtube.com/shorts/Rtesc7g4dNU
Pontos de Entidades,Esquerda,N/A,"Ele pulou brasa, ele pulou a porteira",Barra Vento,https://www.youtube.com/watch?v=Jr5UztkVLms
Pontos de Entidades,Esquerda,N/A,Vi um menino sentado na encruza,Congo,https://www.youtube.com/watch?v=Dsb0e5OHPcg
Pontos de Entidades,Esquerda,N/A,Eu vi moço bonito/ Mirim Porteira,Samba,https://www.youtube.com/watch?v=NEsm4m9EbhY
Pontos de Entidades,Esquerda,N/A,Não mexe comigo não,Ijexá,https://www.youtube.com/watch?v=xzwzrvKkk88
Pontos de Entidades,Esquerda,N/A,Eu vou dar o seu nome pra Exu Mirim,Barra Vento,https://www.youtube.com/watch?v=ps-dVbaZezg
Pontos de Entidades,Esquerda,N/A,Eu sou pequenininho,Samba,https://www.youtube.com/watch?v=eS9p9vUG4Cg
Pontos de Entidades,Esquerda,N/A,Casa de Lei,Ijexá,
Pontos de Entidades,Esquerda,N/A,Louvar o Povo da Terra de Ganga,Congo,https://www.tiktok.com/@vitorinhadeoxum/video/7374077692028783877?lang=pt-BR
Pontos de Entidades,Esquerda,N/A,"Povo da Terra de Ganga/ Boa Noite, Emojubá",Congo,
Pontos de Entidades,Esquerda,N/A,A Sua Casa Não Tem Parede / Deu Meia Noite / Lá na Encruza,Congo,https://www.youtube.com/watch?v=0pk1d2CkGVM&list=RD0pk1d2CkGVM&start_radio=1
Pontos de Entidades,Esquerda,N/A,É uma casa de Pombo/ Bafafá na Encruzilhada,Congo,https://www.youtube.com/watch?v=7pR_7VYhfwM
Pontos de Entidades,Esquerda,N/A,Velório na esquerda,Congo,https://www.youtube.com/watch?v=_tQt0Y4mpGU
Pontos de Entidades,Esquerda,N/A,Calunga ê Calunga â,Barra Vento,https://www.tiktok.com/@cantos_encantos/video/7310376109114199302?q=esse%20exu%20%C3%A9%20marabo&t=1702313908799
Pontos de Entidades,Esquerda,N/A,Na casa de Exu tem Macumba todo dia,Congo,https://www.tiktok.com/@pontos.de_axe/video/7281396531352145158?q=na%20casa%20de%20exu%20tem%20macumba%20todo%20dia&t=1702314162965
Pontos de Entidades,Esquerda,N/A,Saudação a Tranca Ruas e Rainha Pombagira,Congo,https://www.youtube.com/watch?v=7lx0RLijCG8
Pontos de Entidades,Esquerda,N/A,Quem viu o Sol se esconder,Samba,https://www.youtube.com/watch?v=cuK1yU-dIwM
Pontos de Entidades,Esquerda,N/A,Sequência - Canto com alterações,Barra Vento,https://www.youtube.com/watch?v=S4-kb-UA_KA
Pontos de Entidades,Esquerda,N/A,"Galo canta, cobra pia",Barra Vento,https://www.youtube.com/watch?v=4raQV73iHxo
Pontos de Entidades,Esquerda,N/A,Na Calada da Noite/ A Demanda vai virar poeira,Congo,https://www.youtube.com/watch?v=ERZPOrJGxgg
Pontos de Entidades,Esquerda,N/A,Festa das Marias,Samba,https://www.youtube.com/watch?v=dgeDdpE43S0
Pontos de Entidades,Esquerda,N/A,Mulheres de Ganga,Congo,https://www.youtube.com/watch?v=eNmGxrnASUE
Pontos de Entidades,Esquerda,N/A,O sino da Igreja batia,Congo,https://www.tiktok.com/@jlpontos17/video/7319494157880282374?q=o%20sino%20da%20igreja%20batia%20difunto%20gemia&t=1706661721466
Pontos de Entidades,Esquerda,N/A,7 Saias chegou,Samba,https://www.tiktok.com/@aprendizdeoga/video/7276561028027075845
Pontos de Entidades,Boiadeiro,N/A,Ogum - Orixa Regente,Tipos de Toque,Links
Pontos de Entidades,Boiadeiro,N/A,Pedimos licença a Zambi,SAMBA,https://www.youtube.com/watch?v=bA2X-co8W7o
Pontos de Entidades,Boiadeiro,N/A,Estava na beira da praia,SAMBA,https://www.youtube.com/watch?v=mACNo-Da3qA
Pontos de Entidades,Boiadeiro,N/A,Deus da Guerra,CONGO,https://www.youtube.com/watch?v=llLgpWo9wDo
Pontos de Entidades,Boiadeiro,N/A,General da Umbanda,CONGO,https://www.youtube.com/watch?v=2NDSs058_cY
Pontos de Entidades,Boiadeiro,N/A,Ogum Xoroke,CONGO,https://www.youtube.com/watch?v=gkwRb9SX6P0
Pontos de Entidades,Boiadeiro,N/A,Quando Ogum partiu pra Guerra,CONGO,https://www.youtube.com/watch?v=xsNB5bxl6rw
Pontos de Entidades,Boiadeiro,N/A,Armas do Ouro de Oxum,CONGO,https://www.youtube.com/watch?v=tr6Fs5loibM
Pontos de Entidades,Boiadeiro,N/A,Ogum me disse que dançar nago é bom,CONGO,https://www.youtube.com/watch?v=qxqwuuIUw9c
Pontos de Entidades,Boiadeiro,N/A,Abra a minha estrada,CONGO,https://www.youtube.com/watch?v=1WFD0jkwDv4
Pontos de Entidades,Boiadeiro,N/A,Selei seu Cavalo,CONGO,https://www.youtube.com/watch?v=dfF6efZlnZY
Pontos de Entidades,Boiadeiro,N/A,Oya - Orixa Regente,Tipos de Toque,Links
Pontos de Entidades,Boiadeiro,N/A,Tempo,IJEXÁ/ NAGÔ,https://www.youtube.com/watch?v=Z_LzWqAWyHo
Pontos de Entidades,Boiadeiro,N/A,Oya Mulher Forte,IJEXÁ,https://www.youtube.com/watch?v=bTDMXNJDUQM&list=PLZj8WEKYUUoyTnnb9MGOuTnjiTSwMN_4T&index=12
Pontos de Entidades,Boiadeiro,N/A,Vem na força da Fé,NAGÔ,https://www.youtube.com/watch?v=HrzgKJBsrzU&list=PLZj8WEKYUUoyTnnb9MGOuTnjiTSwMN_4T&index=11
Pontos de Entidades,Boiadeiro,N/A,Oia do Tempo Logunan vem Saravar,CONGO,https://www.youtube.com/watch?v=uzGa5x3zogc&list=PLZj8WEKYUUoyTnnb9MGOuTnjiTSwMN_4T&index=6
Pontos de Entidades,Boiadeiro,N/A,Gira no Tempo,BARRA VENTO,https://www.youtube.com/watch?v=y2jndimE8yw&list=PLZj8WEKYUUoyTnnb9MGOuTnjiTSwMN_4T&index=2
Pontos de Entidades,Boiadeiro,N/A,Gira seu Tempo,BARRA VENTO,https://www.youtube.com/watch?v=s0g-Spj18bQ&list=PLZj8WEKYUUoyTnnb9MGOuTnjiTSwMN_4T&index=13
Pontos de Entidades,Boiadeiro,N/A,Iansã - Orixa Regente,Tipos de Toque,Links
Pontos de Entidades,Boiadeiro,N/A,Dona dos Ventos,Samba,https://www.youtube.com/watch?v=VpxWrWs8oBY
Pontos de Entidades,Boiadeiro,N/A,Me protegi no Bambuzal de Iansã,Samba,https://www.youtube.com/watch?v=IYOCxbFxBWw
Pontos de Entidades,Boiadeiro,N/A,Eu vi Iansa Menina,Samba,https://www.youtube.com/shorts/IOlYfNo7eP8
Pontos de Entidades,Boiadeiro,N/A,O Iansa Menina,Congo,https://www.youtube.com/watch?v=ymRHUMnAfzg
Pontos de Entidades,Boiadeiro,N/A,A Guerreira vai Reinar,Congo,https://www.youtube.com/watch?v=LeeLdl3eK0w
Pontos de Entidades,Boiadeiro,N/A,Ela é Oya,Congo,https://www.youtube.com/watch?v=VUVIDNZKCe0
Pontos de Entidades,Boiadeiro,N/A,Quando Oya me chamou,Barra Vento,https://www.youtube.com/watch?v=IgQvlYXS4gQ
Pontos de Entidades,Boiadeiro,N/A,Meu pai que barulho é esse,Barra Vento,https://www.youtube.com/watch?v=JjOJm7pbPxk
Pontos de Entidades,Boiadeiro,N/A,Olha Eu,Barra Vento,https://www.youtube.com/watch?v=VHmQPaxolX0
Pontos de Entidades,Boiadeiro,N/A,É la de cima que eles vem chegando,Congo,https://open.spotify.com/intl-pt/track/3DzxcbqqMxs5myoXUrgnSs
Pontos de Entidades,Boiadeiro,N/A,Boiadeiro vai Laçar,BARRA VENTO,https://www.youtube.com/watch?v=-G_4RCnHYUk
Pontos de Entidades,Boiadeiro,N/A,SEQ. A cancela/ A minha boiada/ Quem vem lá,SAMBA,
Pontos de Entidades,Boiadeiro,N/A,Chapéu de Couro,SAMBA,https://www.youtube.com/watch?v=bcT1lTyEbnA
Pontos de Entidades,Boiadeiro,N/A,Chegada de Boiadeiro,SAMBA,https://www.youtube.com/watch?v=S4RFWBOPJRQ
Pontos de Entidades,Boiadeiro,N/A,Oração de Boiadeiro,CONGO,https://www.youtube.com/watch?v=N4UfDfShpT0
Pontos de Entidades,Boiadeiro,N/A,"Eu andei andei, por esse mundo de Deus",BARRA VENTO,https://www.youtube.com/shorts/tI3xeJuNyk4
Pontos de Entidades,Boiadeiro,N/A,"Meu Boi bebeu, lá no bebedouro",BARRA VENTO,https://www.youtube.com/shorts/0IbUyDo609w
Pontos de Entidades,Boiadeiro,N/A,Firmei meu Ponto na Porteira do Curral,IJEXÁ,https://www.youtube.com/watch?v=rdckcyKBD0w
Pontos de Entidades,Boiadeiro,N/A,De lá vem vindo,CONGO,https://www.youtube.com/watch?v=3AQhBQ5X8GM
Pontos de Entidades,Boiadeiro,N/A,Oração de Boiadeiro,CONGO,https://www.youtube.com/watch?v=N4UfDfShpT0
Pontos de Entidades,Boiadeiro,N/A,Chamada de Boiadeiro,NAGÔ,https://open.spotify.com/intl-pt/track/36QtStr0lXnd9NfKdgAHm9
Pontos de Entidades,Boiadeiro,N/A,Arrasta essa sandalia ae,SAMBA,https://www.youtube.com/watch?v=6I_1IJdRBeA&list=OLAK5uy_kTIrrZr3WPYzabrQoS58pavzI_qdGPGcA&index=4
Pontos de Entidades,Boiadeiro,N/A,Boia Janeiro,IJEXÁ,https://www.youtube.com/watch?v=U_fWCkyDDNs
Pontos de Entidades,Boiadeiro,N/A,Xetrue Xetruá,IJEXÁ,https://www.youtube.com/watch?v=zDNeLLEVQM4
Pontos de Entidades,Boiadeiro,N/A,Zé do Laço,SAMBA,https://www.youtube.com/watch?v=qz4cBHU_avI
Pontos de Entidades,Boiadeiro,N/A,Eu só vim aqui porque fui chamado,NAGÔ,https://www.youtube.com/watch?v=NML7zZcs5BM
Pontos de Entidades,Boiadeiro,N/A,Aparei minha roseira,BARRA VENTO,https://www.youtube.com/watch?v=CShr9wZQAzk
Pontos de Entidades,Boiadeiro,N/A,Eu tenho meu chápeu de couro,BARRA VENTO,https://www.youtube.com/watch?v=joFmcR9BNFY
Pontos de Entidades,Boiadeiro,N/A,Boiadeiro Solta Moita,BARRA VENTO,https://open.spotify.com/intl-pt/track/6nJT1I9maOblFri15TUOoq
Pontos de Entidades,Boiadeiro,N/A,Chapeu de Couro/ Ponta de Laço,BARRA VENTO,https://www.youtube.com/watch?v=gIxDSnNJOp0
Pontos de Entidades,Boiadeiro,N/A,Meu sertão é alto,BARRA VENTO,https://www.youtube.com/watch?v=5rZGT3u6iGA
Pontos de Entidades,Boiadeiro,N/A,Foi nesse passo que eu sai da minha aldeia,IJEXÁ,https://www.youtube.com/watch?v=6L4YDOg8Z_4
Pontos de Entidades,Boiadeiro,N/A,Eu vou mostrar meu Laço,IJEXÁ,https://www.youtube.com/watch?v=N_-6PSHbLPc
Pontos de Entidades,Boiadeiro,N/A,Cadê minha corda de laçar meu boi,CONGO,https://www.youtube.com/watch?v=M_M-DmAJwoU
Pontos de Entidades,Boiadeiro,N/A,Pega o berrante e chama sua boiada,SAMBA,https://www.youtube.com/watch?v=KNJcP7jFD0g&t=23s
Pontos de Entidades,Boiadeiro,N/A,Ascendi uma vela,SAMBA,https://www.youtube.com/shorts/tkgPfAeB3oU
Pontos de Entidades,Boiadeiro,N/A,Boa noite meu senhores,CONGO,https://www.youtube.com/watch?v=iCcs9shlx08
Pontos de Entidades,Boiadeiro,N/A,Boiadeiro meu amigo leal,NAGÔ,https://www.youtube.com/watch?v=99h1kmRvYzM
Pontos de Entidades,Boiadeiro,N/A,Pedrinha miudinha,CONGO,https://www.youtube.com/watch?v=TFqmhkRLPrQ
Pontos de Entidades,Boiadeiro,N/A,"Com seu Chapéu de Coro, com seu Laço na mão",CONGO,https://www.youtube.com/watch?v=hdqgaEhIWhQ
Pontos de Entidades,Boiadeiro,N/A,Ele veio pelo rio de conta,BARRA VENTO,https://www.youtube.com/watch?v=d8OSbqPZtKw
Pontos de Entidades,Boiadeiro,N/A,Seu Boiadeiro que horas você chegou,SAMBA,https://www.youtube.com/watch?v=lNaBGt9_n00&list=OLAK5uy_kTIrrZr3WPYzabrQoS58pavzI_qdGPGcA&index=10
Pontos de Entidades,Boiadeiro,N/A,Seu laço é de couro,CONGO,https://www.youtube.com/watch?v=tu8jr-as5EE&list=OLAK5uy_kTIrrZr3WPYzabrQoS58pavzI_qdGPGcA&index=1
Pontos de Entidades,Boiadeiro,N/A,Firmeza de Boiadeiro,IJEXÁ,https://www.youtube.com/watch?v=wto1__Yhm04&list=OLAK5uy_kTIrrZr3WPYzabrQoS58pavzI_qdGPGcA&index=2
Pontos de Entidades,Boiadeiro,N/A,"Getruê, Getrua Boiadeiro",IJEXÁ,https://open.spotify.com/intl-pt/track/3vLRoGAdKixkhLO835AuZk
Pontos de Entidades,Boiadeiro,N/A,Boiadeiro Mensageiro da Jurema,CONGO,https://open.spotify.com/intl-pt/track/4u97pEnaM0nztMR2zpVx80
Pontos de Entidades,Boiadeiro,N/A,Quero meu Boi,NAGÔ,https://www.youtube.com/watch?v=GtM5QjGnN9Y&list=OLAK5uy_kTIrrZr3WPYzabrQoS58pavzI_qdGPGcA&index=6
Pontos de Entidades,Boiadeiro,N/A,Mestre Boiadeiro,BARRA VENTO,https://www.youtube.com/watch?v=QoUa59CrjIs
Pontos de Entidades,Boiadeiro,N/A,Boiadeiro,BARRA VENTO,https://open.spotify.com/intl-pt/track/4ytPRDr1oFspVQg4gesLg1
Pontos de Entidades,Boiadeiro,N/A,No Pé da Juremeira,BARRA VENTO,https://www.youtube.com/watch?v=mwWy0d_f-Bs
Pontos de Entidades,Boiadeiro,N/A,Abelha que faz o mel,CONGO,https://www.youtube.com/watch?v=yq7I9iq0Jfk
Pontos de Entidades,Boiadeiro,N/A,Seu boiadeiro por aqui choveu,CONGO,https://www.youtube.com/watch?v=1_V42R6YYGI
Pontos de Entidades,Boiadeiro,N/A,Cho cho cho passarinho,SAMBA,https://www.youtube.com/watch?v=8bVILVAA8u8
Pontos de Entidades,Boiadeiro,N/A,SUBIDA - Acabou o samba agora,SAMBA,https://www.youtube.com/watch?v=OmvIGqFbubo
Pontos de Entidades,Boiadeiro,N/A,SUBIDA - É Hora,NAGÔ,https://www.youtube.com/watch?v=NlqCME_4Ndg
Pontos de Entidades,Caboclos,N/A,Ogum,Tipos de Toque,Links
Pontos de Entidades,Caboclos,N/A,Pedimos licença a Zambi,Samba,https://www.youtube.com/watch?v=bA2X-co8W7o
Pontos de Entidades,Caboclos,N/A,Quem está de Ronda?,Samba,https://www.youtube.com/watch?v=J4ler5xOfnM
Pontos de Entidades,Caboclos,N/A,A Umbanda Clareoou,Samba,https://www.youtube.com/watch?v=FRwk8vpRH9g
Pontos de Entidades,Caboclos,N/A,Estava na beira da praia,Samba,https://www.youtube.com/watch?v=mACNo-Da3qA
Pontos de Entidades,Caboclos,N/A,Filho de Ogum,Samba,https://www.youtube.com/watch?v=DH19RjHGuiY
Pontos de Entidades,Caboclos,N/A,Sou filho de Naruê,Samba,https://www.youtube.com/watch?v=U5dxe8FWF6E
Pontos de Entidades,Caboclos,N/A,Eu não seria nada,Samba,https://www.youtube.com/watch?v=IRlj1yCv7_k
Pontos de Entidades,Caboclos,N/A,Mandei fazer um Capacete de Penas,Samba,https://www.youtube.com/watch?v=StVR3e9uh7A
Pontos de Entidades,Caboclos,N/A,Ogum Cavaleiro da Lua,Samba,https://www.youtube.com/watch?v=lke5O47AWZo
Pontos de Entidades,Caboclos,N/A,Sua coroa de ouro é Mariô,Samba,https://www.youtube.com/watch?v=PFKDA3SPcWQ
Pontos de Entidades,Caboclos,N/A,Quem me dera Ogum,Samba,https://www.youtube.com/watch?v=LfUl2ba5QYk
Pontos de Entidades,Caboclos,N/A,Ogum não devia beber,Samba,https://www.youtube.com/watch?v=nQLoYoxP1-Q
Pontos de Entidades,Caboclos,N/A,Dono do dia,Congo,https://www.youtube.com/watch?v=iq5A4tGOZ6M
Pontos de Entidades,Caboclos,N/A,Abra a minha estrada,Congo,https://www.youtube.com/watch?v=1WFD0jkwDv4
Pontos de Entidades,Caboclos,N/A,General da Umbanda,Congo,https://www.youtube.com/watch?v=2NDSs058_cY
Pontos de Entidades,Caboclos,N/A,Ogum Xoroke,Congo,https://www.youtube.com/watch?v=gkwRb9SX6P0
Pontos de Entidades,Caboclos,N/A,Guerreiro Santo,Congo,
Pontos de Entidades,Caboclos,N/A,Quando Ogum partiu pra Guerra,Congo,https://www.youtube.com/watch?v=xsNB5bxl6rw
Pontos de Entidades,Caboclos,N/A,Armas do Ouro de Oxum,Congo,https://www.youtube.com/watch?v=tr6Fs5loibM
Pontos de Entidades,Caboclos,N/A,Ogum me disse que dançar nago é bom,Congo,https://www.youtube.com/watch?v=qxqwuuIUw9c
Pontos de Entidades,Caboclos,N/A,Subida de Ogum,Ijexá,https://www.youtube.com/watch?v=RM8-M_vOZRA
Pontos de Entidades,Caboclos,N/A,Mãe Oba,Barra Vento,https://www.youtube.com/watch?v=iOW7OLILdAY
Pontos de Entidades,Caboclos,N/A,Ela traz conhecimento,Barra Vento,https://www.youtube.com/watch?v=9FtOqCLM7lQ
Pontos de Entidades,Caboclos,N/A,Ponto de Obá,Congo,https://www.youtube.com/watch?v=tF4TeFRX6PY
Pontos de Entidades,Caboclos,N/A,Gira no terreiro ó Minha Mãe Obá,Samba,https://www.youtube.com/watch?v=GPsN2sGA-YE
Pontos de Entidades,Caboclos,N/A,A benção meu pai a Benção,Samba,https://www.tiktok.com/@edits.umbanda.candomble/video/7205671437556796678?q=A%20ben%C3%A7%C3%A3%20s%C3%B3%20o%20senhor%20%C3%A9%20meu%20pai%2C%20meu%20pai%20Oxossi&t=1689387954821
Pontos de Entidades,Caboclos,N/A,Meu Pai Oxóssi mora na beira das Matas,Samba,
Pontos de Entidades,Caboclos,N/A,Não se mexe nas Flechas de Oxóssi,Samba,https://www.youtube.com/watch?v=bEg5esE1t-w
Pontos de Entidades,Caboclos,N/A,Seu Saiote é Carijó,Samba,https://www.youtube.com/watch?v=ujrhU87N0-o
Pontos de Entidades,Caboclos,N/A,Naquela estrada de areia,Samba,https://www.youtube.com/watch?v=KhPrYYfndYI
Pontos de Entidades,Caboclos,N/A,Caboclo Roxo da Pela Morena,Samba,https://www.youtube.com/watch?v=AEMTeDJ8gNQ
Pontos de Entidades,Caboclos,N/A,Sob o Luar de Prata,Congo,https://www.youtube.com/watch?v=46f4IElyNmU
Pontos de Entidades,Caboclos,N/A,A minha Aldeia esta em festa,Congo,https://www.youtube.com/watch?v=FPYVHlStrHw
Pontos de Entidades,Caboclos,N/A,Eu fui pra Mata Caçar,Congo,https://www.youtube.com/watch?v=OQCuoSJ64YA
Pontos de Entidades,Caboclos,N/A,Pisa na Aruanda,Congo,https://www.youtube.com/watch?v=hVopiHY1MtQ
Pontos de Entidades,Caboclos,N/A,Portão da Aldeia/ Boca da Mata,Barra Vento,https://www.youtube.com/watch?v=K45b6WdS-kQ
Pontos de Entidades,Caboclos,N/A,"Mata Mata, la na Mata não tem só eu/ Eu estava na mata eu estava trabalhando",Ijexá,https://www.youtube.com/watch?v=lBqX4rgmbb4
Pontos de Entidades,Caboclos,N/A,Caboclo quando é batizado,Samba,https://www.youtube.com/watch?v=zMmEbzGapFQ
Pontos de Entidades,Caboclos,N/A,Ó que noite linda pra uma Caçada,Congo,https://www.youtube.com/watch?v=wfSAlEYfewY
Pontos de Entidades,Caboclos,N/A,Um grito na mata ecou,Samba,https://www.youtube.com/watch?v=fA1V68gwVWs
Pontos de Entidades,Caboclos,N/A,Que lindo Brado,Congo,https://www.youtube.com/watch?v=4x29C-e81Q0
Pontos de Entidades,Caboclos,N/A,Caboclo Treme Terra,Ijexá/ Samba,https://www.youtube.com/watch?v=O7Zrmw3rFjs
Pontos de Entidades,Caboclos,N/A,Louvação ao Caboclo Pena Branca,Congo,https://www.youtube.com/watch?v=7D6ZM7hu2D8
Pontos de Entidades,Caboclos,N/A,Na Boca da Mata,Ijexá,https://www.youtube.com/watch?v=E7XDqN_85c4
Pontos de Entidades,Caboclos,N/A,Ela é a Luz,Congo,https://www.youtube.com/watch?v=tY399c3Hd9I
Pontos de Entidades,Caboclos,N/A,Pisa firme vem trabalhar,Nagô,https://www.youtube.com/watch?v=Y8YU8oiK0KQ
Pontos de Entidades,Caboclos,N/A,7 Flechas no Gongá (7 Flechas),Samba,https://www.youtube.com/watch?v=kzVgrQvUmjs
Pontos de Entidades,Caboclos,N/A,Atravessei o mar a nado,Barra Vento,https://www.youtube.com/watch?v=Fd6LH0DiXv0
Pontos de Entidades,Caboclos,N/A,Pula Caboclo por cima do Muro (FORTE),Barra Vento,https://www.youtube.com/watch?v=j8A3iqZc88g
Pontos de Entidades,Caboclos,N/A,Dentro da Mata Virgem (Jurema),Congo,https://www.youtube.com/watch?v=dbjHxEXJzco
Pontos de Entidades,Caboclos,N/A,Caboclo roxo da pela morena,Samba,https://www.youtube.com/watch?v=AEMTeDJ8gNQ
Pontos de Entidades,Caboclos,N/A,Aqui nessa aldeia tem um caboclo que ele é leal,Congo,https://www.youtube.com/watch?v=h9u3VKZoJVQ
Pontos de Entidades,Caboclos,N/A,Se ele é Tupi ele vem girar,Barra Vento,
Pontos de Entidades,Caboclos,N/A,Boca da Mata (Jupira),Barra Vento,https://www.youtube.com/watch?v=lKu6SM6jJgg
Pontos de Entidades,Caboclos,N/A,Ô Jureme Ô Jurema (Jurema),Samba,https://www.youtube.com/watch?v=bog5qRfVfHk
Pontos de Entidades,Caboclos,N/A,Caboclo Pena Dourada,Congo,https://www.youtube.com/watch?v=Uds_uzB8vrA
Pontos de Entidades,Caboclos,N/A,Brado de Guerra (Trema Terra),Congo,https://www.youtube.com/watch?v=KnKMD-AFbws
Pontos de Entidades,Caboclos,N/A,Naquela estrada de areia,Samba,https://www.youtube.com/watch?v=KhPrYYfndYI
Pontos de Entidades,Caboclos,N/A,Cabocla sua mata é linda,Samba,https://www.youtube.com/watch?v=RdAaMXVUoFo
Pontos de Entidades,Caboclos,N/A,Um Índio Caboclo Guerreiro (7 Encruzilhadas),Congo,https://www.youtube.com/watch?v=-9hBVz-2YNQ
Pontos de Entidades,Caboclos,N/A,A Mata estava fechada,Congo,https://www.youtube.com/watch?v=G42dcwvNooM
Pontos de Entidades,Caboclos,N/A,Oxossi mora na beira das Matas,Samba,
Pontos de Entidades,Caboclos,N/A,Pisa caboclo que a coisa é boa,Congo,https://www.youtube.com/watch?v=_4Lssf-CwBc
Pontos de Entidades,Caboclos,N/A,Caboclo quando vem de Aruanda,Nagô,https://www.youtube.com/watch?v=Woxl1oxUbw4
Pontos de Entidades,Caboclos,N/A,Tambor lhe chama (Pena Azul),Samba,https://www.youtube.com/watch?v=Qbrxw05TrXo
Pontos de Entidades,Caboclos,N/A,"Seu Arranca Toco é de Aruanda, é de Nagô Zambê (Arranca Toco)",Samba,https://www.youtube.com/watch?v=xn_ZtWcnnaw
Pontos de Entidades,Caboclos,N/A,Se o seu Saiote é Carijó,Samba,https://www.youtube.com/watch?v=5OsSIvxvCpY
Pontos de Entidades,Caboclos,N/A,Estava na beira do rio (Tupinamba),Samba,https://www.youtube.com/watch?v=PgspNpvisEA
Pontos de Entidades,Caboclos,N/A,"Ô salve o sol, salve a estrela guia (Ventania)",Samba,https://www.youtube.com/watch?v=SSBt-F6ywtg
Pontos de Entidades,Caboclos,N/A,"Arreia capangueiro, capangueiro da Juremâ",Nagô,https://www.youtube.com/shorts/J35X3NgJXiA
Pontos de Entidades,Caboclos,N/A,Caboclo é a Luz do dia,Congo,https://www.youtube.com/watch?v=QKzOK91x7-w
Pontos de Entidades,Caboclos,N/A,Caçador na beira do caminho (Cobra Coral),Samba,https://www.youtube.com/watch?v=t6MPG3bF0Lw
Pontos de Entidades,Caboclos,N/A,Estava sentado na pedra fina,Samba,https://www.youtube.com/watch?v=0vlpkoorSRk
Pontos de Entidades,Caboclos,N/A,Mensageira de Oxalá (Jurema),Samba,https://www.youtube.com/watch?v=qbbykGhjh5w
Pontos de Entidades,Caboclos,N/A,Caboclo leva tudo para o mar (descarrego),Nagô,https://www.youtube.com/watch?v=KQpGTPZWjCw
Pontos de Entidades,Caboclos,N/A,"Oxala quem deu a Ordem, Omolú quem escolheu",Congo,https://www.youtube.com/watch?v=xvljTA3LxKg
Pontos de Entidades,Caboclos,N/A,Se a Coral é sua cinta,Nagô,https://www.youtube.com/watch?v=z18BGwsZ14U
Pontos de Entidades,Caboclos,N/A,Nas matas de Oxossi,Nagô,https://www.youtube.com/watch?v=CS74kwqnLE0
Pontos de Entidades,Caboclos,N/A,Quando meu tambor rufar (Tupinamba),Samba,https://www.youtube.com/watch?v=iH7TJEuZeBU
Pontos de Entidades,Caboclos,N/A,Eu ja mandei fazer 3 capacetes de pena,Samba,https://www.youtube.com/watch?v=G9E75Rl1wl8
Pontos de Entidades,Caboclos,N/A,A estrela la no céu brilhou,Nagô,https://www.youtube.com/watch?v=771IIB2ouak
Pontos de Entidades,Caboclos,N/A,Jurema o seu saiote é tão lindo,Samba,https://www.youtube.com/watch?v=W5Uy0HB0QjI
Pontos de Entidades,Caboclos,N/A,Caboclo quando vem la da Jurema,Nagô,https://www.youtube.com/watch?v=vMyWv5NVapw
Pontos de Entidades,Caboclos,N/A,Como é lindo assistir festa nas matas,Samba,https://www.youtube.com/watch?v=f1k_hvW-L1M
Pontos de Entidades,Caboclos,N/A,Quem é o caçador que mora na pedreira ,Nagô,
Pontos de Entidades,Caboclos,N/A,Oxossi na Mata é Rei,Samba,https://www.youtube.com/watch?v=sAO8ed1TwSA
Pontos de Entidades,Caboclos,N/A,Sereno que cai pela madrugada ,Samba,https://www.youtube.com/watch?v=jcJiNAPz8fk
Pontos de Entidades,Caboclos,N/A,Quem sente saudades chora (SUBIDA),Samba,https://www.youtube.com/watch?v=OU4C4tg_c-A
Pontos de Orixás,Iansa,N/A,Iansã - Orixa,Tipos de Toque,Links
Pontos de Orixás,Iansa,N/A,Dona dos Ventos,Samba,https://www.youtube.com/watch?v=VpxWrWs8oBY
Pontos de Orixás,Iansa,N/A,Me protegi no Bambuzal de Iansã,Samba,https://www.youtube.com/watch?v=IYOCxbFxBWw
Pontos de Orixás,Iansa,N/A,Eu vi Iansa Menina,Samba,https://www.youtube.com/shorts/IOlYfNo7eP8
Pontos de Orixás,Iansa,N/A,O Iansa Menina,Congo,https://www.youtube.com/watch?v=ymRHUMnAfzg
Pontos de Orixás,Iansa,N/A,A Guerreira vai Reinar,Congo,https://www.youtube.com/watch?v=LeeLdl3eK0w
Pontos de Orixás,Iansa,N/A,Ela é Oya,Congo,https://www.youtube.com/watch?v=VUVIDNZKCe0
Pontos de Orixás,Iansa,N/A,Quando Oya me chamou,Barra Vento,https://www.youtube.com/watch?v=IgQvlYXS4gQ
Pontos de Orixás,Iansa,N/A,Meu pai que barulho é esse,Barra Vento,https://www.youtube.com/watch?v=JjOJm7pbPxk
Pontos de Orixás,Iansa,N/A,Olha Eu,Barra Vento,https://www.youtube.com/watch?v=VHmQPaxolX0
Pontos de Entidades,Marinheiros,N/A,Obaluaê/ Omulu - Orixa Regente,Tipos de Toque,Links
Pontos de Entidades,Marinheiros,N/A,Xapanã Louvação,Ijexá,https://www.youtube.com/watch?v=FC3ufO0Au9o
Pontos de Entidades,Marinheiros,N/A,"Ele é um velho, muito velho",Ijexá/ Samba,https://www.youtube.com/watch?v=-1BJXtwqbWo
Pontos de Entidades,Marinheiros,N/A,Casinha Branca,Samba,https://www.youtube.com/watch?v=cWCwkNB-3qk
Pontos de Entidades,Marinheiros,N/A,Silencio,Congo,https://www.youtube.com/watch?v=ADdbDhwVROo
Pontos de Entidades,Marinheiros,N/A,7 anos no deserto/ Atotô Babá,Congo,https://www.youtube.com/watch?v=rU0ACs39e0s
Pontos de Entidades,Marinheiros,N/A,Obaluaê quando era menino,Congo,https://www.youtube.com/watch?v=IebQTFuvS-I
Pontos de Entidades,Marinheiros,N/A,Força sagrada de Obaluaê,Congo,https://www.youtube.com/watch?v=Kvl3_vpECuA
Pontos de Entidades,Marinheiros,N/A,Se eu ver um velho no caminho eu peço a Bença,Congo,https://www.youtube.com/watch?v=3GP7tkTKs3E
Pontos de Entidades,Marinheiros,N/A,Dizem que a Umbanda tem mironga,Congo,https://www.youtube.com/watch?v=hKsjEdo50MM
Pontos de Entidades,Marinheiros,N/A,Ele é dono do Ilê,Congo,https://www.youtube.com/watch?v=EeVT11R9pD0
Pontos de Entidades,Marinheiros,N/A,"Omulu, médico dos pobres",Congo,https://www.youtube.com/watch?v=Psl4CpqaLac
Pontos de Entidades,Marinheiros,N/A,Ele é um grande Orixa,Barra Vento,https://www.youtube.com/watch?v=gaNiahdC200
Pontos de Entidades,Marinheiros,N/A,Cade a chave do baú/ Omulu é Orixa,Barra Vento,https://www.youtube.com/watch?v=NXYNNbzK_bM
Pontos de Entidades,Marinheiros,N/A,Seu tesouro é osso,Barra Vento,https://www.youtube.com/watch?v=J0BaRO6CEuU
Pontos de Entidades,Marinheiros,N/A,Iemanjá - Orixa Regente,Tipos de Toque,Links
Pontos de Entidades,Marinheiros,N/A,Vou chamar minha Mãe,Ijexá,https://www.youtube.com/watch?v=yfBXe0mKHv8
Pontos de Entidades,Marinheiros,N/A,Mãe D'agua rainda das ondas,Ijexá,https://www.youtube.com/watch?v=DMfjIpRSoiQ
Pontos de Entidades,Marinheiros,N/A,Estrela do Mar,Congo,https://www.youtube.com/watch?v=0eEh7-SoDnk
Pontos de Entidades,Marinheiros,N/A,Um presente dos Orixás,Congo,https://www.youtube.com/watch?v=Er_Fz4xYGZk
Pontos de Entidades,Marinheiros,N/A,"Num dia tão lindo, numa noite na areia",Congo,https://www.youtube.com/watch?v=M3LmTIvGlWA
Pontos de Entidades,Marinheiros,N/A,O Mãe das Águas,Congo,https://www.youtube.com/watch?v=6eVUqGAh76E
Pontos de Entidades,Marinheiros,N/A,Seu colar é de concha,Samba,https://www.youtube.com/watch?v=5Cq_PzaYr1M
Pontos de Entidades,Marinheiros,N/A,Eu fui na beira da Praia,Samba,https://www.youtube.com/watch?v=8U-XinnXZ-A
Pontos de Entidades,Marinheiros,N/A,Iemanjá é a Rainha do Mae,Samba,https://www.youtube.com/watch?v=qHmT44pIJ_c
Pontos de Entidades,Marinheiros,N/A,Não chore filho de Umbanda,Samba,https://www.youtube.com/watch?v=_OoVbdXH5b8
Pontos de Entidades,Marinheiros,N/A,La fora apitou um Navio,Congo,https://www.youtube.com/watch?v=zqTvxkFbI0s
Pontos de Entidades,Marinheiros,N/A,Vou cantar pros Marinheiros,Samba,https://www.youtube.com/watch?v=_rqrhg1jM60
Pontos de Entidades,Marinheiros,N/A,Marinheiro é Hora,Samba,https://www.youtube.com/watch?v=ibK1Nc72TFw
Pontos de Entidades,Marinheiros,N/A,Rema Canoa,Nagô,https://www.youtube.com/watch?v=aRbOhgkd_xo
Pontos de Entidades,Marinheiros,N/A,Puxa as correntes do Mar Marinheiro,Barra Vento,https://www.youtube.com/watch?v=OuDQKhFOurc
Pontos de Entidades,Marinheiros,N/A,O Marinheiro aguenta o leme,Congo,https://www.youtube.com/watch?v=HAgYuZ0jfrg
Pontos de Entidades,Marinheiros,N/A,A Marola do Mar ja vem chegando,Samba,https://www.youtube.com/watch?v=tz8bgEvjY0Q
Pontos de Entidades,Marinheiros,N/A,Quebra mar,Samba,https://www.youtube.com/watch?v=bgilsg3pxVo
Pontos de Entidades,Marinheiros,N/A,Seu Marinheiro eu não sei porque,Samba,https://www.youtube.com/watch?v=adBtuMo5ERQ
Pontos de Entidades,Marinheiros,N/A,Balanço da Fé,Samba,https://www.youtube.com/watch?v=CMk5hg_679E
Pontos de Entidades,Marinheiros,N/A,Boca do Garrafão,Samba,https://www.youtube.com/watch?v=mkysi6pu0lw
Pontos de Entidades,Marinheiros,N/A,Seu Martim cade as ondas do mar,Samba,https://www.youtube.com/watch?v=vnPTI8w66z0
Pontos de Entidades,Marinheiros,N/A,História de pescador,Barra Vento,https://www.youtube.com/watch?v=iO5wS0_XmKE
Pontos de Entidades,Marinheiros,N/A,A onda me trouxe o vento me leva,Barra Vento,https://www.youtube.com/watch?v=qPPzY96hiq8
Pontos de Entidades,Marinheiros,N/A,Quem te ensinou a nadar,Nagô,https://www.youtube.com/watch?v=_Zku81V9zhQ
Pontos de Entidades,Marinheiros,N/A,"Jangadeiro vai, sopra o vento vai",Nagô,https://www.youtube.com/watch?v=vk47YiuAq7o
Pontos de Entidades,Marinheiros,N/A,Seu Martim pescador Saravá nossa Umbanda,Samba,https://www.youtube.com/watch?v=j6FNKohWPUo
Pontos de Entidades,Marinheiros,N/A,Sei quem sou eu,Samba,https://www.youtube.com/watch?v=C4nXYfNpOfE
Pontos de Entidades,Marinheiros,N/A,Seu Marinheiro da Barca de Ouro,Samba,https://www.youtube.com/watch?v=F7mcQslrf3E
Pontos de Entidades,Marinheiros,N/A,Barquinha linda que vem de lisboa,Congo,https://www.youtube.com/watch?v=cMK6Sa1fMvc
Pontos de Entidades,Marinheiros,N/A,Rei dos Sete Mares,Congo,https://www.youtube.com/watch?v=dvHKYwcBbHg
Pontos de Entidades,Marinheiros,N/A,Artilharia já saldei,Congo,https://www.youtube.com/watch?v=jwwjyptGufU
Pontos de Entidades,Marinheiros,N/A,Marinheiro de Aruanda,Nagô,https://www.youtube.com/watch?v=ij30tqOjpHk
Pontos de Entidades,Marinheiros,N/A,Eu sou um Marujo velho,Nagô,https://www.youtube.com/watch?v=xezRL3F8RzQ
Pontos de Entidades,Marinheiros,N/A,Marinheiro Só,Ijexá,https://www.youtube.com/watch?v=x6xuUuUfqRs
Pontos de Entidades,Marinheiros,N/A,Seu Marinheiro sua morada é no mar,Ijexá,https://www.youtube.com/watch?v=yK5iKvvOB2I
Pontos de Entidades,Marinheiros,N/A,Martim Pescador que Banda é a sua,Ijexá,https://www.youtube.com/watch?v=JeHCWpnTkWk
Pontos de Entidades,Marinheiros,N/A,De quem é a ancora que segura meu Terreiro,Samba,https://www.youtube.com/watch?v=ZJWZ9KIdymk
Pontos de Entidades,Marinheiros,N/A,Vem Marinheiro,Samba,https://www.youtube.com/watch?v=0tkR5X2uAWk
Pontos de Entidades,Marinheiros,N/A,No mar é Marinheiro,Samba,https://www.youtube.com/watch?v=UeWNYP-t-7U
Pontos de Entidades,Marinheiros,N/A,"Seu pescador, seu pescador",Samba,https://www.youtube.com/watch?v=VtJE_CPjeAo
Pontos de Entidades,Marinheiros,N/A,Ela estava no cais,Samba,https://www.youtube.com/watch?v=T9aJJMmMXow
Pontos de Entidades,Marinheiros,N/A,O Remador o Remador,Samba,https://www.tiktok.com/@lua_pontos/video/7187942677873216773?q=eu%20quero%20ver%20meu%20amor%20mas%20que%20mora%20do%20lado%20de%20la%20ponto&t=1701122660234
Pontos de Entidades,Marinheiros,N/A,Ponto de Martim Pescador,Ijexá,https://www.youtube.com/watch?v=OCuuW0z93Zk&t=40s
Pontos de Entidades,Marinheiros,N/A,Canoeiro,Ijexá,https://www.youtube.com/watch?v=ViU-5k75D2I
Pontos de Entidades,Marinheiros,N/A,O Marinheiro leva seu filho benzer,Ijexá,https://www.youtube.com/watch?v=V7IOhxojCL4
Pontos de Entidades,Marinheiros,N/A,La se vai a Marujada (SUBIDA),SAMBA,https://www.tiktok.com/@deogunhealaroye/video/7043299948569447686?q=subida%20de%20marinheiro&t=1701119671940
Pontos de Entidades,Marinheiros,N/A,Adeus Camarada Adeus (SUBIDA),SAMBA,https://www.youtube.com/watch?v=a5uBi0NuDnc
Pontos de Entidades,Malandros,N/A,Pedimos licença a Zambi,SAMBA,https://www.youtube.com/watch?v=bA2X-co8W7o
Pontos de Entidades,Malandros,N/A,Estava na beira da praia,SAMBA,https://www.youtube.com/watch?v=mACNo-Da3qA
Pontos de Entidades,Malandros,N/A,Deus da Guerra,CONGO,https://www.youtube.com/watch?v=llLgpWo9wDo
Pontos de Entidades,Malandros,N/A,General da Umbanda,CONGO,https://www.youtube.com/watch?v=2NDSs058_cY
Pontos de Entidades,Malandros,N/A,Ogum Xoroke,CONGO,https://www.youtube.com/watch?v=gkwRb9SX6P0
Pontos de Entidades,Malandros,N/A,Quando Ogum partiu pra Guerra,CONGO,https://www.youtube.com/watch?v=xsNB5bxl6rw
Pontos de Entidades,Malandros,N/A,Armas do Ouro de Oxum,CONGO,https://www.youtube.com/watch?v=tr6Fs5loibM
Pontos de Entidades,Malandros,N/A,Ogum me disse que dançar nago é bom,CONGO,https://www.youtube.com/watch?v=qxqwuuIUw9c
Pontos de Entidades,Malandros,N/A,Abra a minha estrada,CONGO,https://www.youtube.com/watch?v=1WFD0jkwDv4
Pontos de Entidades,Malandros,N/A,Selei seu Cavalo,CONGO,https://www.youtube.com/watch?v=dfF6efZlnZY
Pontos de Entidades,Malandros,N/A,"Pombinho Branco, Mensageiro de Oxalá",Ijexá,https://www.youtube.com/watch?v=D5nu7t9yPPw
Pontos de Entidades,Malandros,N/A,Oxalá criou a Terra,Ijexá,https://www.youtube.com/watch?v=vPrliC0xeKM
Pontos de Entidades,Malandros,N/A,Oxalá olha para o mundo,Ijexá,https://www.youtube.com/watch?v=1NQKoaMm91g
Pontos de Entidades,Malandros,N/A,Força do Divino,Ijexá,https://www.youtube.com/watch?v=0VYaQIiDuag
Pontos de Entidades,Malandros,N/A,Tem pena de nós tem dó,Nagô,https://www.youtube.com/watch?v=Ljvv7xAou64
Pontos de Entidades,Malandros,N/A,Cante pra valer,Nagô,https://www.youtube.com/watch?v=ibH5JZXeIHY
Pontos de Entidades,Malandros,N/A,Ele é o Rei dos Orixas,Congo,https://www.youtube.com/watch?v=UUsbF8bC58U
Pontos de Entidades,Malandros,N/A,A inveja é,Samba,https://www.youtube.com/watch?v=PDETInTxqh4
Pontos de Entidades,Malandros,N/A,A malandragem fala por si,Samba,https://www.youtube.com/watch?v=wK_IAOU33O0
Pontos de Entidades,Malandros,N/A,Apostou no carteado,Samba,https://www.youtube.com/watch?v=U-yYeKqleVU
Pontos de Entidades,Malandros,N/A,As estrelas lhe guiam Moça,Samba,https://www.youtube.com/watch?v=lHkLCwQA7_U
Pontos de Entidades,Malandros,N/A,Bala trocada não doi,SAMBA,https://www.youtube.com/watch?v=z_as_Vir_Gk
Pontos de Entidades,Malandros,N/A,"Beba beba beba, na porta de um botequim",Samba,https://www.youtube.com/watch?v=l44BwdD1Wkw
Pontos de Entidades,Malandros,N/A,Bem que eu disse a vocês,Samba,https://www.youtube.com/watch?v=w3kVuWoqsqY
Pontos de Entidades,Malandros,N/A,Boa noite pra quem é de boa noite,IJEXÁ,https://www.youtube.com/watch?v=xZaWr5Oorik
Pontos de Entidades,Malandros,N/A,Boemio da Madrugada,Samba,https://www.youtube.com/watch?v=YDsUiiBT0os
Pontos de Entidades,Malandros,N/A,Com meu Baralho desafio qualquer um,Samba,https://www.youtube.com/watch?v=YtpWg4mcQhQ
Pontos de Entidades,Malandros,N/A,Cuidado Seu Zé/ Malandrinha do Cais,SAMBA,https://www.youtube.com/watch?v=RNSnBJpaOn0
Pontos de Entidades,Malandros,N/A,Dizem que ele matou,Congo,https://www.youtube.com/watch?v=Fd5zuBNZqeg
Pontos de Entidades,Malandros,N/A,É que eu nasci na rua,SAMBA,https://www.youtube.com/watch?v=mb-4DmPlNEQ
Pontos de Entidades,Malandros,N/A,Ela traz uma Navalha,Samba,https://www.youtube.com/watch?v=tRcYfYcXVNM
Pontos de Entidades,Malandros,N/A,Ele brinca mas não é de brincadeira,Samba,https://www.youtube.com/watch?v=0situLjzeN4
Pontos de Entidades,Malandros,N/A,Ele levou 7 facadas,Samba,https://www.youtube.com/watch?v=8BsHotq4K-M
Pontos de Entidades,Malandros,N/A,Encontrei Zé Pilintra na Estrada,SAMBA,https://www.youtube.com/watch?v=aoK4LyFgL44
Pontos de Entidades,Malandros,N/A,Estava sentado no muro,SAMBA,https://www.youtube.com/watch?v=Z-Jsq9r6BSE
Pontos de Entidades,Malandros,N/A,Eu andava triste,Samba,https://www.youtube.com/watch?v=_Ty-DgFumiI
Pontos de Entidades,Malandros,N/A,Eu ando triste o Zé,SAMBA,https://www.youtube.com/watch?v=jqoLv8hUajk
Pontos de Entidades,Malandros,N/A,Eu falei pra não mexer,Samba,https://www.youtube.com/watch?v=tXLMibJ5gko
Pontos de Entidades,Malandros,N/A,Eu nasci num barracão,Samba,https://www.youtube.com/watch?v=O01ZSRM31Qc
Pontos de Entidades,Malandros,N/A,"Fecha a porteira, cancelas e trunqueiras",Samba,https://www.youtube.com/watch?v=xOD_OiZpbqc
Pontos de Entidades,Malandros,N/A,Foi uma tragédia,Samba,https://www.youtube.com/watch?v=jwyokzmuc0w
Pontos de Entidades,Malandros,N/A,Homem Valente,Samba,https://www.youtube.com/watch?v=xHUCbnx9_9k
Pontos de Entidades,Malandros,N/A,Jurema Preta do Seu Zé,SAMBA,https://open.spotify.com/intl-pt/track/6hxwAkq2vv0dDSfJLjQZm8
Pontos de Entidades,Malandros,N/A,Malandra do Cabaré,Samba,https://www.youtube.com/watch?v=_xs4I4_3JAI
Pontos de Entidades,Malandros,N/A,Malandro Casa Preta,CONGO,https://www.youtube.com/watch?v=qV6RcreeR84
Pontos de Entidades,Malandros,N/A,Malandro da Gamboa,SAMBA,https://www.youtube.com/watch?v=HRvBN3FX3LI
Pontos de Entidades,Malandros,N/A,Malandro do Alto,SAMBA,https://www.youtube.com/watch?v=xqeT4P4J9L8
Pontos de Entidades,Malandros,N/A,Malandro se na minha cara der,Samba,https://www.youtube.com/watch?v=ACWeZPRUP9E
Pontos de Entidades,Malandros,N/A,Meu amigo,SAMBA,https://www.youtube.com/watch?v=20GprZ7Y9i4
Pontos de Entidades,Malandros,N/A,Misericórdia de Malandro,SAMBA,https://www.youtube.com/watch?v=MFX1711MQME
Pontos de Entidades,Malandros,N/A,Muito prazer sou Maria Navalha,SAMBA,https://www.youtube.com/watch?v=GQ-Ka9Rk5As
Pontos de Entidades,Malandros,N/A,"Mulher mulher, não tenha medo do seu marido",Samba,https://www.youtube.com/watch?v=8XxT88qTc9U
Pontos de Entidades,Malandros,N/A,Mulher pra quem tem Fé,Samba,https://www.youtube.com/watch?v=hfQPLIlEZjc
Pontos de Entidades,Malandros,N/A,Na baixa do sapateiro,Barra Vento,https://www.youtube.com/watch?v=zygZToKeM9Y
Pontos de Entidades,Malandros,N/A,Não mexa com ela,SAMBA,https://www.youtube.com/watch?v=tw_120RPWr8
Pontos de Entidades,Malandros,N/A,"Não precisa chorar, não precisa sofrer",Samba,https://www.youtube.com/watch?v=z8s5stnrxi8
Pontos de Entidades,Malandros,N/A,O Bom Malandro,SAMBA,https://open.spotify.com/intl-pt/track/0Pmgb5PKYbkhkT6Qnj6eq9
Pontos de Entidades,Malandros,N/A,O morro de Santa Tereza está de luto,Samba,https://www.youtube.com/watch?v=8uwPP_6gBjs
Pontos de Entidades,Malandros,N/A,Olha lá quem vem chegando,Samba,
Pontos de Entidades,Malandros,N/A,Plantei uma semente,Samba,https://www.youtube.com/watch?v=1yRBixOW8K8
Pontos de Entidades,Malandros,N/A,Pode me chamar de covarde,CONGO,https://www.youtube.com/watch?v=zdy_i_XkaDU
Pontos de Entidades,Malandros,N/A,Quando eu subo o morro,CONGO,https://www.youtube.com/watch?v=WAeMpA-Jr7E
Pontos de Entidades,Malandros,N/A,Quando vem de alagoas,Samba,https://www.youtube.com/watch?v=12pMSYN05dg
Pontos de Entidades,Malandros,N/A,Quando vem de Aruanda,Samba,https://www.youtube.com/watch?v=NzsrRW13OGU
Pontos de Entidades,Malandros,N/A,Respeita a Malandra da Lapa,Samba,https://www.youtube.com/watch?v=qOTYTYJpkNA&list=PLlXxhH_lf7bVvsz8pF4kArlp_xeMHPMpY&index=5
Pontos de Entidades,Malandros,N/A,Roda de Malandragem,SAMBA,https://www.youtube.com/watch?v=ayM2fLNfs6s
Pontos de Entidades,Malandros,N/A,Roda de Malandro,CONGO,https://www.youtube.com/watch?v=Dut86s8eJLM
Pontos de Entidades,Malandros,N/A,Rosa Malandra,Samba,https://www.youtube.com/watch?v=5LxWZJjxFys
Pontos de Entidades,Malandros,N/A,"Saia do meio arreda ai, vai la pro canto",Samba,https://www.youtube.com/watch?v=y_9Jl7sb-6I
Pontos de Entidades,Malandros,N/A,Samba no fio da Navalha,SAMBA,https://www.youtube.com/watch?v=ZuseT7Gwf_c
Pontos de Entidades,Malandros,N/A,Se a radio patrulha chegasse aqui agora,SAMBA,https://www.youtube.com/watch?v=XogK4ZkqnJU
Pontos de Entidades,Malandros,N/A,Ser Dr. não maltrate esse Negro,Samba,https://www.youtube.com/watch?v=Teacj8QQbz8
Pontos de Entidades,Malandros,N/A,Seu Dr. Seu Dr.,Samba,https://www.youtube.com/watch?v=tyKhAkRga2g
Pontos de Entidades,Malandros,N/A,Seu Dr. Seu Dr.,SAMBA,https://www.youtube.com/watch?v=tyKhAkRga2g
Pontos de Entidades,Malandros,N/A,"Seu Zé Pilintra não teve mãe, não teve pai",Samba,https://www.youtube.com/watch?v=Ri_kSDjUiqE
Pontos de Entidades,Malandros,N/A,Seu Zé Pilintra quando vem,Nagô,https://www.youtube.com/watch?v=2iQSOFfIBlE
Pontos de Entidades,Malandros,N/A,Sou Zé Pilintra,IJEXÁ,https://www.youtube.com/watch?v=ybqb0TBlJ8c
Pontos de Entidades,Malandros,N/A,Toma que o filho é teu,SAMBA,https://www.youtube.com/watch?v=TeKaNKyaWEY
Pontos de Entidades,Malandros,N/A,Trabalhar pra que?,SAMBA,https://www.youtube.com/watch?v=NYhRFxJmoVA
Pontos de Entidades,Malandros,N/A,Trabalho de Zé Pilintra,SAMBA,https://www.youtube.com/watch?v=A0EYThCG22Y
Pontos de Entidades,Malandros,N/A,Valei me Senhora Aparecida,Samba,https://www.youtube.com/watch?v=DaIs_bL0lpE
Pontos de Entidades,Malandros,N/A,Você é meu camarada,Nagô,https://www.youtube.com/watch?v=Yzoi5fUL9ac
Pontos de Entidades,Malandros,N/A,Você que fez trato com Malandro,SAMBA,https://www.youtube.com/watch?v=NdPlgrxRueg
Pontos de Entidades,Malandros,N/A,Vocês estão vendo aquela casa pequenina,SAMBA,https://www.youtube.com/watch?v=V7vVVl9Gcwg
Pontos de Entidades,Malandros,N/A,Vou descendo o morro/ Aquela casa pequenina,SAMBA,https://www.youtube.com/watch?v=F26fPzHLwsc
Pontos de Entidades,Malandros,N/A,Zé Malandro me ensinou,SAMBA,https://www.youtube.com/watch?v=fzZaWL8pDeA
Pontos de Entidades,Malandros,N/A,Zé Pretinho tem Malandro na Umbanda,SAMBA,https://www.youtube.com/watch?v=pN8SIh6rKyw
Pontos de Entidades,Malandros,N/A,"Boa noite Meu Senhor, Boa noite Minha Senhora (SUBIDA)",Samba,https://www.youtube.com/watch?v=7Mk1va6hZDE
Pontos de Entidades,Malandros,N/A,Subida do Povo da Malandragem (SUBIDA),CONGO,https://www.youtube.com/watch?v=eF2ig-q1WLo
Pontos de Entidades,Baianos,N/A,"Pombinho Branco, Mensageiro de Oxalá",Ijexá,https://www.youtube.com/watch?v=D5nu7t9yPPw
Pontos de Entidades,Baianos,N/A,Oxalá criou a Terra,Ijexá,https://www.youtube.com/watch?v=vPrliC0xeKM
Pontos de Entidades,Baianos,N/A,Oxalá olha para o mundo,Ijexá,https://www.youtube.com/watch?v=1NQKoaMm91g
Pontos de Entidades,Baianos,N/A,Força do Divino,Ijexá,https://www.youtube.com/watch?v=0VYaQIiDuag
Pontos de Entidades,Baianos,N/A,Tem pena de nós tem dó,Nagô,https://www.youtube.com/watch?v=Ljvv7xAou64
Pontos de Entidades,Baianos,N/A,Cante pra valer,Nagô,https://www.youtube.com/watch?v=ibH5JZXeIHY
Pontos de Entidades,Baianos,N/A,Ele é o Rei dos Orixas,Congo,https://www.youtube.com/watch?v=UUsbF8bC58U
Pontos de Entidades,Baianos,N/A,Dona dos Ventos,Samba,https://www.youtube.com/watch?v=VpxWrWs8oBY
Pontos de Entidades,Baianos,N/A,Me protegi no Bambuzal de Iansã,Samba,https://www.youtube.com/watch?v=IYOCxbFxBWw
Pontos de Entidades,Baianos,N/A,Iansã Orixá de Umbanda,Samba,https://www.youtube.com/watch?v=U5KW0EZRvfo
Pontos de Entidades,Baianos,N/A,A Guerreira vai Reinar,Congo,https://www.youtube.com/watch?v=LeeLdl3eK0w
Pontos de Entidades,Baianos,N/A,Ela é Oya,Congo,https://www.youtube.com/watch?v=VUVIDNZKCe0
Pontos de Entidades,Baianos,N/A,Quando Oya me chamou,Barra Vento,https://www.youtube.com/watch?v=IgQvlYXS4gQ
Pontos de Entidades,Baianos,N/A,Meu pai que barulho é esse,Barra Vento,https://www.youtube.com/watch?v=JjOJm7pbPxk
Pontos de Entidades,Baianos,N/A,Olha Eu,Barra Vento,https://www.youtube.com/watch?v=VHmQPaxolX0
Pontos de Entidades,Baianos,N/A,Zé Baiano,Samba,https://www.youtube.com/watch?v=BUaUJiWGu78
Pontos de Entidades,Baianos,N/A,O meu senhor do Bonfim,Samba,https://www.youtube.com/watch?v=lmsKiaQtFcI
Pontos de Entidades,Baianos,N/A,Balança porteira velha,Samba,https://www.youtube.com/watch?v=2BexPwLwSF0
Pontos de Entidades,Baianos,N/A,A Baiana deu sinal,Samba,https://www.youtube.com/watch?v=NQtHqKDvXfQ
Pontos de Entidades,Baianos,N/A,Povo Bom,Samba,https://www.youtube.com/watch?v=HUkzRNXlW7w
Pontos de Entidades,Baianos,N/A,Baiana Feiticeira,Samba,https://www.youtube.com/watch?v=eeBjLYAElQg
Pontos de Entidades,Baianos,N/A,Quando eu vim la da Bahia,Samba,https://www.youtube.com/watch?v=zJOdMRzF-rE
Pontos de Entidades,Baianos,N/A,Se ele é Baiano eu quero ver,Congo,https://www.youtube.com/watch?v=EeOwZjjcg00
Pontos de Entidades,Baianos,N/A,Baiano Bom Baiano Bom,Samba,https://www.youtube.com/watch?v=3c5s3sTvb5k
Pontos de Entidades,Baianos,N/A,Vem Baiano vem,Barra Vento,https://www.youtube.com/watch?v=NSLkXO8VkWs
Pontos de Entidades,Baianos,N/A,Bahia ô Africa vem nos ajudar,Nagô,https://www.youtube.com/watch?v=aASk4EKNGlc
Pontos de Entidades,Baianos,N/A,Pisa Baiano,Barra Vento,https://www.youtube.com/watch?v=nBsLHA0GoJ4
Pontos de Entidades,Baianos,N/A,Bahia de Pai Oxalá,Ijexá,https://www.youtube.com/watch?v=Kwjk9vozIrk
Pontos de Entidades,Baianos,N/A,Baiano Severino,Samba,https://www.youtube.com/watch?v=mLLHRQdHV4Q
Pontos de Entidades,Baianos,N/A,Bahia de Deus,Samba,https://www.youtube.com/watch?v=GmyjNkN8g4M
Pontos de Entidades,Baianos,N/A,Vou levar meu amor pro Samba,Samba,https://www.youtube.com/watch?v=JNOTfyf5k7I&list=OLAK5uy_n83N2RxU5GIMrLhp2700CuYtt3yyUwhjU&index=6
Pontos de Entidades,Baianos,N/A,Dona da Casa Cheguei Agora,Samba,https://www.youtube.com/watch?v=Qec27DfBsDY&list=OLAK5uy_n83N2RxU5GIMrLhp2700CuYtt3yyUwhjU&index=8
Pontos de Entidades,Baianos,N/A,"Levanta Mulé, Corra a Roda",Samba,https://www.youtube.com/watch?v=ZFiyYd_TpIM&list=OLAK5uy_n83N2RxU5GIMrLhp2700CuYtt3yyUwhjU&index=9
Pontos de Entidades,Baianos,N/A,A chuva chuveu na areia,Samba,https://www.youtube.com/watch?v=1bgFf_29xYE&list=OLAK5uy_n83N2RxU5GIMrLhp2700CuYtt3yyUwhjU&index=11
Pontos de Entidades,Baianos,N/A,Lá em Caculé / Quebra o Coco,Ijexá,https://www.youtube.com/watch?v=UDw71mgilmI
Pontos de Entidades,Baianos,N/A,Dona da Casa me de licença / Olê Olê,Samba,https://www.youtube.com/watch?v=xI5uZUwk8PY
Pontos de Entidades,Baianos,N/A,Meu Irmão eu vou pra Bahia,Samba,https://www.youtube.com/watch?v=Ajx735w6Sfg
Pontos de Entidades,Baianos,N/A,Maria do Balaio,Ijexá,https://www.youtube.com/watch?v=uniooherjjI
Pontos de Entidades,Baianos,N/A,Sou Baiana de Missanga,Samba,https://www.youtube.com/watch?v=PbgiyvX1LJc
Pontos de Entidades,Baianos,N/A,Plantei milho pra colher fuba,Barra Vento,https://www.youtube.com/watch?v=bvNs2ReDLyQ
Pontos de Entidades,Baianos,N/A,Lampião da Bahia,Samba,https://www.youtube.com/watch?v=VI3MOX1Xxx8
Pontos de Entidades,Baianos,N/A,Eu levei uma carreira,Samba,https://www.youtube.com/watch?v=7NN_FFEaAnw
Pontos de Entidades,Baianos,N/A,Terra de Dois,Nagô,https://www.youtube.com/watch?v=JJHjasFWSLY&list=PLAJLiz7lDvVPWMaSZb7YniUXAIycpuq1a&index=2
Pontos de Entidades,Baianos,N/A,Coquinho Baiano,Nagô,https://www.youtube.com/watch?v=naG4vM7l_44&list=PLAJLiz7lDvVPWMaSZb7YniUXAIycpuq1a&index=3
Pontos de Entidades,Baianos,N/A,Baiana faz e não manda,Samba,https://www.youtube.com/watch?v=sJABDqo4FM4&list=PLAJLiz7lDvVPWMaSZb7YniUXAIycpuq1a&index=9
Pontos de Entidades,Baianos,N/A,Esse mundo é de Deus,Samba,https://www.youtube.com/watch?v=XksuEu2XNWA&list=PLAJLiz7lDvVPWMaSZb7YniUXAIycpuq1a&index=11
Pontos de Entidades,Baianos,N/A,Mané Baiano,Samba,https://www.youtube.com/watch?v=vCeGUKmCa1w&list=PLAJLiz7lDvVPWMaSZb7YniUXAIycpuq1a&index=12
Pontos de Entidades,Baianos,N/A,O trem corre é por cima da linha,Samba,https://www.youtube.com/watch?v=7NN_FFEaAnw
Pontos de Entidades,Baianos,N/A,Quem entrou na roda/ Me deixa,Samba,https://www.youtube.com/watch?v=SgB5KoVvAhw&list=OLAK5uy_n83N2RxU5GIMrLhp2700CuYtt3yyUwhjU&index=4
Pontos de Entidades,Baianos,N/A,Flor da Laranjeira,Samba,https://www.youtube.com/watch?v=PrqiiAfRM2o&list=OLAK5uy_n83N2RxU5GIMrLhp2700CuYtt3yyUwhjU&index=15
Pontos de Entidades,Baianos,N/A,Libertação dos Baianos,Congo,https://www.youtube.com/watch?v=RKTLmIgR4QE
Pontos de Entidades,Baianos,N/A,Meu Chapéu / Quem tem baiano pisa / Rebenta o côco,Ijexá,https://www.youtube.com/watch?v=JcDAzH5arGk
Pontos de Entidades,Baianos,N/A,Baiano é bom que nem Surucucu,Samba,https://www.youtube.com/watch?v=6fpRa8onhX4
Pontos de Entidades,Baianos,N/A,Dende no Fogo,Barra Vento,https://www.youtube.com/watch?v=0gYmx23Pwtk
Pontos de Entidades,Baianos,N/A,Baiana Baiana de Saia Rendada,Ijexá,https://www.youtube.com/watch?v=bU5VGvg7aCQ
Pontos de Entidades,Baianos,N/A,Quando o Baiano piza o terreiro balanceia / A Bananeira Caiu,Samba,https://www.youtube.com/watch?v=PA03wt_7W_s
Pontos de Entidades,Baianos,N/A,Dona da Casa a Casa é sua,Samba,https://www.youtube.com/watch?v=7XtXgt2meV4&list=OLAK5uy_n83N2RxU5GIMrLhp2700CuYtt3yyUwhjU&index=12
Pontos de Entidades,Baianos,N/A,Benza Deus,Samba,https://www.youtube.com/watch?v=a7gilRGVxrY&list=OLAK5uy_n83N2RxU5GIMrLhp2700CuYtt3yyUwhjU&index=13
Pontos de Entidades,Baianos,N/A,Deus Vos salve a Casa Santa,Rufando,https://www.youtube.com/watch?v=2f5hvqdmxHU&list=OLAK5uy_n83N2RxU5GIMrLhp2700CuYtt3yyUwhjU&index=17
Pontos de Entidades,Baianos,N/A,"Peguei ta pegado, marrei ta marrado",Samba,https://www.youtube.com/watch?v=IegRSfRwI_o&list=OLAK5uy_n83N2RxU5GIMrLhp2700CuYtt3yyUwhjU&index=20
Pontos de Entidades,Baianos,N/A,Maria Bonita,Nagô,https://www.youtube.com/watch?v=stKISsOMmDM&list=PLOFh-TJMECXa8ssN4w1MsTcyYKnDJqF8c&index=4
Pontos de Entidades,Baianos,N/A,Minha Santa Bahia,Nagô,https://www.youtube.com/watch?v=9qTqaL3mks4&list=PLOFh-TJMECXa8ssN4w1MsTcyYKnDJqF8c&index=5
Pontos de Entidades,Baianos,N/A,Não mexe comigo não,Nagô,https://www.youtube.com/watch?v=vzhddrueeag
Pontos de Entidades,Baianos,N/A,Trabalha Zé Baiano,Samba,https://www.youtube.com/watch?v=SgH16BPFjy0
Pontos de Entidades,Baianos,N/A,É na pisada que o Baiano veio é na pisada que o Baiano vai embora,Ijexá,https://www.youtube.com/watch?v=trrTW-bRnNw
Pontos de Entidades,Baianos,N/A,Pra Aruanda eu vou embora,Ijexá,https://www.youtube.com/watch?v=ju-lY1J0EWE
Pontos de Entidades,Ciganos,N/A,Dona do Fogo,Congo,https://www.youtube.com/watch?v=k4cJUJN5_1Q
Pontos de Entidades,Ciganos,N/A,Kalie minha mãe divida Egunita,Samba,https://www.youtube.com/watch?v=e6SWnZGD90g
Pontos de Entidades,Ciganos,N/A,Sua Mãe Egunita,Samba,https://www.youtube.com/watch?v=sNhzrAe2PA4
Pontos de Entidades,Ciganos,N/A,Raio Flamejante,Samba,https://www.youtube.com/watch?v=rSjrCGz4ZRc
Pontos de Entidades,Ciganos,N/A,Egunita Orixa de Umbanda,Nagô,https://www.youtube.com/watch?v=IXxr2-YFDJQ
Pontos de Entidades,Ciganos,N/A,Vem Mamãe Egunita,Samba,https://www.youtube.com/watch?v=2-PvRpsRQqw
Pontos de Entidades,Ciganos,N/A,Oração a Iansa,dobrando,https://open.spotify.com/playlist/6CghR5rmNE5rqYj8KGXbrZ
Pontos de Entidades,Ciganos,N/A,Meu pai que barulho é esse?,Barra Vento,https://www.youtube.com/watch?v=JjOJm7pbPxk
Pontos de Entidades,Ciganos,N/A,Rajada de Vento,Barra Vento,https://www.youtube.com/watch?v=iIq-G_Re5KQ&pp=ygUeUG9udG9zIGRlIElhbnNhIG5vIEJhcnJhIFZlbnRv
Pontos de Entidades,Ciganos,N/A,A Guerreira vai Reinar,Congo,https://www.youtube.com/watch?v=LeeLdl3eK0w
Pontos de Entidades,Ciganos,N/A,Ela é Oyá,Congo,https://www.youtube.com/watch?v=slr4GRSx9Os
Pontos de Entidades,Ciganos,N/A,Bambuzal de Iansã,Samba,https://www.youtube.com/watch?v=bp-3cqAsdOk
Pontos de Entidades,Ciganos,N/A,O Vento vem trazendo o nome dela,Samba,https://www.youtube.com/watch?v=vN9gk5NMvpw
Pontos de Entidades,Ciganos,N/A,Força de Oya,Samba,https://www.youtube.com/watch?v=fuUZhMD0Bus
Pontos de Entidades,Ciganos,N/A,Saudação a Xangô,Ijexá,https://www.youtube.com/watch?v=94JwGYTOmks
Pontos de Entidades,Ciganos,N/A,Amarra os Inimigos e da um nó,Congo,https://www.youtube.com/watch?v=qd8vWqQFN8I
Pontos de Entidades,Ciganos,N/A,Ele Braudou na Aldeia,Congo,https://www.youtube.com/watch?v=cWytYNEFQbI
Pontos de Entidades,Ciganos,N/A,Vejam que pedreira linda,Congo,https://www.youtube.com/watch?v=Ubro1XxVBC8
Pontos de Entidades,Ciganos,N/A,No alto daquela pedreira,Congo,https://www.youtube.com/watch?v=rnWFv4OYthc
Pontos de Entidades,Ciganos,N/A,Morada de Xangô Ayrá,Congo,
Pontos de Entidades,Ciganos,N/A,Que mata é essa que o Leão não entra,Congo,https://www.youtube.com/watch?v=H3C408IoEBI
Pontos de Entidades,Ciganos,N/A,Maleme,Samba,https://www.youtube.com/watch?v=joZFs5naYyk
Pontos de Entidades,Ciganos,N/A,O Gino olha sua banda,Samba,https://www.youtube.com/watch?v=FY6u4H7iaKc
Pontos de Entidades,Ciganos,N/A,Por detras daquela serra,Samba,https://www.youtube.com/watch?v=9D_CMog5fVE
Pontos de Entidades,Ciganos,N/A,Eu ouvi no bater da pedra,Samba,https://www.youtube.com/watch?v=3uDLwy9rF5M
Pontos de Entidades,Ciganos,N/A,Povo cigano chegou,Barra Vento,https://www.youtube.com/watch?v=vBG13VMc8Pw
Pontos de Entidades,Ciganos,N/A,Ouvi de Longe suas Castanholas,Samba,https://www.youtube.com/watch?v=ATCHuSjVCvE
Pontos de Entidades,Ciganos,N/A,Arruma Acampamento,Congo de Ouro,https://www.youtube.com/watch?v=OHeJ5ra4ebc
Pontos de Entidades,Ciganos,N/A,"Ori, ori, oriê, linda Cigana essa dança é pra você.",Barra Vento,https://www.youtube.com/watch?v=SPqjSOCW5FE
Pontos de Entidades,Ciganos,N/A,A lua iluminou o meu terreiro,Congo de Ouro,https://www.youtube.com/watch?v=qzllfLAC_U4
Pontos de Entidades,Ciganos,N/A,Uma cigana leu a minha mão,Congo de Ouro,https://www.youtube.com/watch?v=8wSLRYHeyD4
Pontos de Entidades,Ciganos,N/A,Cigano filho do vento,Congo de Ouro,https://www.youtube.com/watch?v=bWLxbmYdggI
Pontos de Entidades,Ciganos,N/A,De Longe Eu Vim - Ponto de Cigana,Congo de Ouro,https://www.youtube.com/watch?v=ZBpxMq9araE
Pontos de Entidades,Ciganos,N/A,"Santa Sara,deixa teu Povo passar ",Congo de Ouro,https://www.youtube.com/watch?v=odnlyocwDVw
Pontos de Entidades,Ciganos,N/A,Oh Cirandeiro,Samba,https://www.youtube.com/watch?v=QWB0A98GxZM
Pontos de Entidades,Ciganos,N/A,Baralho de Ouro,Samba,https://www.youtube.com/watch?v=U-yutqFVoKE
Pontos de Entidades,Ciganos,N/A,"Veja meu destino, oh cigana",Samba,https://www.youtube.com/watch?v=FZWYRxGECFI
Pontos de Entidades,Ciganos,N/A,Oi abre a roda deixa a Cigana trabalhar,Samba,https://www.youtube.com/watch?v=nhbXMp2dbzs
Pontos de Entidades,Ciganos,N/A,"Rosa Vermelha, Rosa Amarela",Samba,https://www.youtube.com/watch?v=IRGMEpHTOf4
Pontos de Entidades,Ciganos,N/A,Ganhei uma barraca velha,Samba,https://www.youtube.com/watch?v=bvXAf-lGZHc
Pontos de Entidades,Ciganos,N/A,Cigana Das Rosas Vermelhas Umbanda,Samba,https://www.youtube.com/watch?v=9pjLt_eRYBg
Pontos de Entidades,Ciganos,N/A,"Eu vim ao mundo, eu sou cigana",Samba,https://www.youtube.com/watch?v=D38ivfIXwrg
Pontos de Entidades,Ciganos,N/A,Quem Puder Sentir A Brisa,Samba/ Ijexá,https://www.youtube.com/watch?v=4EUdzCv4-34
Pontos de Entidades,Ciganos,N/A,Cigano Pablo Huan,Congo,https://www.youtube.com/watch?v=SQKqD6tsyfE
Pontos de Entidades,Ciganos,N/A,Estava na beira da praia,Samba,https://www.youtube.com/watch?v=L5hojGufJ7A
Pontos de Entidades,Ciganos,N/A,Vem vem caminhar,Ijexá,https://www.youtube.com/watch?v=9-Stn8L8bTI
Pontos de Entidades,Ciganos,N/A,Cigana de Fé/ Doi doi doi,Samba,https://www.youtube.com/watch?v=8yJnnVp8E9A
Pontos de Entidades,Ciganos,N/A,Linda Cigana,Samba,https://www.youtube.com/watch?v=hkjbjx_atw0
Pontos de Entidades,Ciganos,N/A,Ciganos do Caminho/ Cigana menina,Samba,https://www.youtube.com/watch?v=YaQLGB_lsHM
Pontos de Entidades,Ciganos,N/A,Embala meu coração,Congo,https://www.youtube.com/watch?v=ahIaud1AWNI
Pontos de Entidades,Ciganos,N/A,Cigana Esmeralda,Samba,https://www.youtube.com/watch?v=XRzGQrHCJn8
Pontos de Entidades,Ciganos,N/A,Cigada da Estrada,Samba,https://www.youtube.com/watch?v=4hVlUIDb8nE
Pontos de Entidades,Ciganos,N/A,Ó Cigana,Ijexá,https://www.youtube.com/watch?v=_1dtlq3m_Jc
Pontos de Entidades,Ciganos,N/A,Quando a lua brilha Cigana vem festejar,Samba,https://www.youtube.com/watch?v=Fo1wO1h63fM
Pontos de Entidades,Ciganos,N/A,Cigana Samyra,Congo,https://www.youtube.com/watch?v=lgS7_aJABk8
Pontos de Entidades,Ciganos,N/A,Cigano Santiago,Congo,https://www.youtube.com/watch?v=zRETMtOLrVQ
Pontos de Entidades,Ciganos,N/A,Cigano Alejandro,Congo,https://open.spotify.com/intl-pt/track/73aCkHiD7xGIYTuPvhqDF9
Pontos de Entidades,Ciganos,N/A,Ciganas Formosas,Samba,https://www.youtube.com/watch?v=296cbuosdII
Pontos de Entidades,Ciganos,N/A,Santa Sara mandou uma Cigana no Terreiro,Samba,https://www.youtube.com/watch?v=4olWKiuiQ20
Pontos de Entidades,Ciganos,N/A,Cigana Dolores,Congo,https://www.youtube.com/watch?v=mmrNQWCdLVw
Pontos de Entidades,Ciganos,N/A,Cigano Wladmir,Barra Vento,https://www.youtube.com/watch?v=SfAxhI32pKg
Pontos de Entidades,Ciganos,N/A,Rainha Cigana,Samba,https://www.youtube.com/watch?v=QD9Bum-CY-Q
Pontos de Entidades,Ciganos,N/A,Sara La Kali,Ijexá,https://www.youtube.com/watch?v=IsZgVGLdonU
Pontos de Entidades,Ciganos,N/A,A mais linda natureza,Samba,https://www.youtube.com/watch?v=BF7kN4RWFIU
Pontos de Entidades,Ciganos,N/A,Castanhola tocou,Samba,https://www.youtube.com/watch?v=RHfnOptNaQI
Pontos de Entidades,Ciganos,N/A,Cigana Carmencita,Samba,https://www.youtube.com/watch?v=ftjszoijpb0
Pontos de Entidades,Ciganos,N/A,Vem Wladimir,Barra Vento,https://www.youtube.com/watch?v=dzR80neZxjM
Pontos de Entidades,Ciganos,N/A,Numa noite linda,Samba,https://www.youtube.com/watch?v=CmsBuWpjl8k
Pontos de Entidades,Ciganos,N/A,Que vem la do Oriente,Congo,https://www.youtube.com/watch?v=QrIUB8OCm30
Pontos de Entidades,Ciganos,N/A,Na porta de uma praça,Ijexá,https://www.youtube.com/watch?v=IWzw0jhHmkE
Pontos de Entidades,Ciganos,N/A,Quando o sol não mais brilhar,Samba,https://www.youtube.com/watch?v=aaKdUGVa92Q
Pontos de Entidades,Ciganos,N/A,Cigana Formosa,Samba,https://www.youtube.com/watch?v=ikmJbgkeAdI
Pontos de Entidades,Ciganos,N/A,Não chore não chore,Samba,https://www.youtube.com/watch?v=zAq2HnCh6aY
Pontos de Entidades,Ciganos,N/A,Baila em volta da fogueira,Ijexá,https://www.youtube.com/watch?v=Yriy18Gnuek
Pontos de Entidades,Ciganos,N/A,"Lenço de pano, camisa de muitas cores",Ijexá,https://www.youtube.com/watch?v=RYb7YaV6OhY
Pontos de Entidades,Ciganos,N/A,"Você é a Sara, Sara a Cigana",Samba,https://www.youtube.com/watch?v=lAzW5JikBQ8
Pontos de Entidades,Ciganos,N/A,"Rosa Branca, Rosa Amarela",Samba,https://www.youtube.com/watch?v=_rQL1kDdvuI
Pontos de Entidades,Ciganos,N/A,Cabana Florestal,Samba,https://www.youtube.com/watch?v=jv44aepoTtQ
Pontos de Entidades,Ciganos,N/A,Tem festa a noite inteira,Samba,
Pontos de Entidades,Ciganos,N/A,Me Tacaram muita inveja,Samba,https://www.youtube.com/watch?v=AgP8htnPsZs
Pontos de Entidades,Ciganos,N/A,Cigano - Eles vão no clarão da lua (SUBIDA),Congo de Ouro,https://www.youtube.com/watch?v=Mv_GidmyLCo
Pontos de Orixás,Egunitá,N/A,"Egunitá, Orixá de Umbanda",Nagô,
Pontos de Orixás,Egunitá,N/A,Dona do fogo Descarrega meu Congá,Barra Vento,https://www.youtube.com/watch?v=k4cJUJN5_1Q&t=59s
Pontos de Orixás,Egunitá,N/A,Sua Mae Egunitá,Samba,https://www.youtube.com/watch?v=sNhzrAe2PA4
Pontos de Orixás,Egunitá,N/A,Raio Flamejante,Samba,https://www.youtube.com/watch?v=W1gMzZ0mzCM
Pontos de Orixás,Egunitá,N/A,Que luz é essa,Samba,https://www.youtube.com/watch?v=e6SWnZGD90g
Pontos de Orixás,Egunitá,N/A,Brilhou brilhou,Ijexá,https://www.youtube.com/watch?v=KgYWDEEjSFI
Pontos de Orixás,Egunitá,N/A,Divina Mãe Egunitá,Ijexá,https://www.youtube.com/watch?v=genglsMqGz0
Pontos de Entidades,Pretos Velhos,N/A,Sou de Nanã,Ijexá,https://www.youtube.com/watch?v=OsTKEThGaF0
Pontos de Entidades,Pretos Velhos,N/A,Nos pés de Nanã eu vou rezar,Nagô,https://www.youtube.com/watch?v=fm_19c3wzqk
Pontos de Entidades,Pretos Velhos,N/A,É Nanã Ê,Congo,https://www.youtube.com/watch?v=cCn2elGL-a0
Pontos de Entidades,Pretos Velhos,N/A,Atraca atraca que ai vem Nanã,Samba,https://www.youtube.com/watch?v=SreyfyGTx8s
Pontos de Entidades,Pretos Velhos,N/A,Nanã dona da sabedoria,Samba,https://www.youtube.com/watch?v=quwk2ilEuKc
Pontos de Entidades,Pretos Velhos,N/A,Xapaná louvação,Ijexá,https://www.youtube.com/watch?v=FC3ufO0Au9o
Pontos de Entidades,Pretos Velhos,N/A,"Vem vem vem, meu Padim Baluaê",Ijexá,https://youtu.be/CHrxCUORUNo?si=ww2l4Of5Jqvx3h87
Pontos de Entidades,Pretos Velhos,N/A,É Obaluaê,Ijexá,https://www.youtube.com/watch?v=lHHW-y8lNbw
Pontos de Entidades,Pretos Velhos,N/A,Curador da Alma,Ijexá,https://www.youtube.com/watch?v=Mgj1VBCCAig
Pontos de Entidades,Pretos Velhos,N/A,Quando era menino,Congo,https://www.youtube.com/watch?v=G52uD2LYQFo
Pontos de Entidades,Pretos Velhos,N/A,Força sagrada de Obaluaê ,Congo,https://www.youtube.com/watch?v=ELrMT-SfJWQ
Pontos de Entidades,Pretos Velhos,N/A,Que homem é aquele,Congo,https://www.youtube.com/watch?v=rU0ACs39e0s
Pontos de Entidades,Pretos Velhos,N/A,Sua Benção Atotô (SUBIDA),Samba,https://www.youtube.com/watch?v=t4-_kQdTY8g
Pontos de Entidades,Pretos Velhos,N/A,Pai Benedito das Almas,Ijexâ,
Pontos de Entidades,Pretos Velhos,N/A,Ele é Mirongueiro,Samba,https://www.youtube.com/watch?v=pofVmWI_B1o
Pontos de Entidades,Pretos Velhos,N/A,Saravá Pai Benedito,Nagô,https://www.youtube.com/watch?v=a8fSx0p9goo
Pontos de Entidades,Pretos Velhos,N/A,A Vida de um Preto Velho,Nagô,https://www.youtube.com/watch?v=4pncAHL4EWo
Pontos de Entidades,Pretos Velhos,N/A,Um grito de liberdade e a corrente se quebrou!,Ijexâ e Barra Vento,https://www.youtube.com/watch?v=UBpM22ii8rQ
Pontos de Entidades,Pretos Velhos,N/A,Pai José de Aruanda,Nagô,https://www.youtube.com/watch?v=0bzWpDtCvF4
Pontos de Entidades,Pretos Velhos,N/A,Preto Velho vem ajudar,Samba,https://www.youtube.com/watch?v=g7hAVI0OnVM
Pontos de Entidades,Pretos Velhos,N/A,Ouvi um gemido,Ijexá,https://www.youtube.com/watch?v=6XDdRJ8O6qU
Pontos de Entidades,Pretos Velhos,N/A,São Benedito a sua casa cheira,Nagô,https://www.youtube.com/watch?v=VgXNPmmINCs
Pontos de Entidades,Pretos Velhos,N/A,Firma ponto minha gente Preto Velho vai chegar,Samba,https://www.youtube.com/watch?v=kNgUXTGindg
Pontos de Entidades,Pretos Velhos,N/A,Tudo o que eu peço a vovó ela faz,Ijexá,https://www.youtube.com/watch?v=BLtSJZ-Y4Lo
Pontos de Entidades,Pretos Velhos,N/A,Ponto Vovó Maria Conga,Congo,https://www.youtube.com/shorts/KJ8LmoFrWFk
Pontos de Entidades,Pretos Velhos,N/A,Minhas Almas Santas Almas,Congo,https://www.youtube.com/watch?v=EQ68UIbFjno
Pontos de Entidades,Pretos Velhos,N/A,Preto velho ta quebrado,Samba,https://www.youtube.com/watch?v=LdIjj63WboM
Pontos de Entidades,Pretos Velhos,N/A,La Vem Vovó,Samba,https://www.youtube.com/watch?v=rG_-kZ0hUDY
Pontos de Entidades,Pretos Velhos,N/A,Eu andava perambulando,Samba,https://www.youtube.com/watch?v=b8gkrAptjvo
Pontos de Entidades,Pretos Velhos,N/A,Pai Guiné de Aruanda,Samba,https://www.youtube.com/watch?v=o_ui18IJ23Q
Pontos de Entidades,Pretos Velhos,N/A,No tempo do cativeiro,Ijexá,https://www.youtube.com/watch?v=JZ317RiqpWs
Pontos de Entidades,Pretos Velhos,N/A,Salve Mãe Maria de Minas,Ijexá,https://www.youtube.com/watch?v=BKWd70qaWDI
Pontos de Entidades,Pretos Velhos,N/A,Bate o tambor na calada da noite,Ijexá,https://www.youtube.com/watch?v=F4TSbKhp88o
Pontos de Entidades,Pretos Velhos,N/A,Ecoou um canto forte na senzala,Ijexá,https://www.youtube.com/watch?v=-8Rkq5hZ7s8
Pontos de Entidades,Pretos Velhos,N/A,Saravá pra Vovó Catarina,Samba,https://www.youtube.com/watch?v=Myc4GXWgmXg
Pontos de Entidades,Pretos Velhos,N/A,Meu pito esta apagado,Samba,https://www.youtube.com/watch?v=op0Qnc7drwU
Pontos de Entidades,Pretos Velhos,N/A,Foi la no Cruzeiro das Almas,Samba,https://www.youtube.com/watch?v=2gQJQCd6dmU
Pontos de Entidades,Pretos Velhos,N/A,É Pai Joaquim o Calunga,Samba,https://www.youtube.com/watch?v=hHC9wpYBbDQ
Pontos de Entidades,Pretos Velhos,N/A,Preto Velho Caminhou,Samba,https://www.youtube.com/watch?v=kd-ZUjNYjzw
Pontos de Entidades,Pretos Velhos,N/A,Cambinda mamãe êêê,Ijexâ,https://www.youtube.com/watch?v=zgpJTpaS4PI
Pontos de Entidades,Pretos Velhos,N/A,Preto Velho nunca foi a cidade,Ijexâ,https://www.youtube.com/watch?v=pVbPFil4-N0
Pontos de Entidades,Pretos Velhos,N/A,A Bengala de Pai Joaquim,Ijexâ,https://www.youtube.com/watch?v=nlJSZ2Ec4bs
Pontos de Entidades,Pretos Velhos,N/A,Bate tambor la na Angola,Ijexâ,https://www.youtube.com/watch?v=Ss5aX3kOypk
Pontos de Entidades,Pretos Velhos,N/A,Pai Jerônimo,Nagô,https://www.youtube.com/watch?v=PKAp6dSa79s
Pontos de Entidades,Pretos Velhos,N/A,Saravá Vovó Joaquina,Samba,https://www.youtube.com/watch?v=M3YlK7DdsMA
Pontos de Entidades,Pretos Velhos,N/A,Na sua Urucaia,Samba,https://www.youtube.com/watch?v=h40-PaX8yx0
Pontos de Entidades,Pretos Velhos,N/A,Vovò tem 7 saias a ultima saia tem mironga,Samba,https://www.youtube.com/watch?v=Jk2gKqeJhmc
Pontos de Entidades,Pretos Velhos,N/A,Pai Joaquim Veio de Angola,Samba,https://www.youtube.com/watch?v=r75PxPCLYF0
Pontos de Entidades,Pretos Velhos,N/A,Sinhô Macutá,Samba,https://www.youtube.com/watch?v=L2mxanbbtEI
Pontos de Entidades,Pretos Velhos,N/A,Vovó não quer casca de cocô,Samba,https://www.youtube.com/watch?v=LWauGnZNBAI
Pontos de Entidades,Pretos Velhos,N/A,Preto Velho orou a Zambi,Samba,https://www.youtube.com/watch?v=KnoVnkF6KLc
Pontos de Entidades,Pretos Velhos,N/A,Preto na Senzala,Samba,https://www.youtube.com/watch?v=Zisn7WLwOd0
Pontos de Entidades,Pretos Velhos,N/A,Tia Maria,Samba,https://www.youtube.com/watch?v=6PpnDnmxcSQ
Pontos de Entidades,Pretos Velhos,N/A,Maria Conga o que é que você quer,Samba,https://www.youtube.com/watch?v=ic6uNHM79Ps
Pontos de Entidades,Pretos Velhos,N/A,São Benedito a sua casa cheira,Nagô,https://www.youtube.com/watch?v=VgXNPmmINCs
Pontos de Entidades,Pretos Velhos,N/A,Fio se suncê precisar,Samba,https://www.youtube.com/watch?v=Ep8W9wiLgXs
Pontos de Entidades,Pretos Velhos,N/A,Saudação ao Povo do Cativeiro,Samba,https://www.youtube.com/watch?v=0w_p5ATOtXk
Pontos de Entidades,Pretos Velhos,N/A,Nessa casa tem 4 cantos,Nagô,https://www.tiktok.com/@meninadoatoto/video/7181508720101264646?q=Pontos%20Pretos%20Velhos&t=1692752421080
Pontos de Entidades,Pretos Velhos,N/A,A Sineta do Céu bateu (SUBIDA),Ijexâ,https://www.youtube.com/watch?v=PHk2wgUkl94
Pontos de Entidades,Pretos Velhos,N/A,Eu vou embora (SUBIDA),Congo,https://www.youtube.com/watch?v=uY6mRRFegIk
Pontos de Entidades,Pretos Velhos,N/A,Festa no Abaçá,Samba,https://www.youtube.com/watch?v=2LHrXsXRdWk
Pontos de Entidades,Pretos Velhos,N/A,Brilha estrelinha / tem bala pirulito e chiclete,Barra Vento/ Samba,https://www.youtube.com/watch?v=cBRhrev8jSc
Pontos de Entidades,Pretos Velhos,N/A,Me manda um balão / Papai Ogum mandou,Nagô,https://www.youtube.com/watch?v=EkXgoqQ3KSM
Pontos de Entidades,Pretos Velhos,N/A,Criança vem de Aruanda,Samba,https://www.youtube.com/watch?v=jeZwssHh4rs
Pontos de Entidades,Pretos Velhos,N/A,"Beijinho, beijinho como vem beirando o mar!",Nagô,https://www.youtube.com/watch?v=eYMZQuHB8zo
Pontos de Entidades,Pretos Velhos,N/A,"1,2,3,4 / Eu quero doce / Oh Damião",Congo,https://www.youtube.com/watch?v=FJD5xXiCmb4
Pontos de Entidades,Pretos Velhos,N/A,"Erê O Erê, O Erê, onde está o Erê",Barra Vento,https://www.youtube.com/watch?v=rrevR5mbaYs
Pontos de Entidades,Pretos Velhos,N/A,Titia me deu cocada,Samba,https://www.youtube.com/watch?v=J7WR5DvISUU
Pontos de Entidades,Pretos Velhos,N/A,Tem bala de coco e peteca,Samba,https://www.youtube.com/watch?v=BXAGXBc-5zg
Pontos de Entidades,Pretos Velhos,N/A,Joãozinho e Mariazinha,Nagô,https://www.youtube.com/watch?v=JjQLCXByYNw
Pontos de Entidades,Pretos Velhos,N/A,"Cosme Damião, Damião cade Doum",Nagô,https://www.youtube.com/watch?v=fv707oWS3GQ
Pontos de Entidades,Pretos Velhos,N/A,É com a alegria das Crianças,Samba,https://www.youtube.com/watch?v=oTZkoiMXlp0
Pontos de Entidades,Pretos Velhos,N/A,O meu Irmão,Nagô,https://www.youtube.com/watch?v=aZLBs6m5KQM
Pontos de Entidades,Pretos Velhos,N/A,Flechinha,Congo,https://www.youtube.com/watch?v=LDZMlCdTsZU
Pontos de Entidades,Pretos Velhos,N/A,Iemanja cade Ogum,Congo,https://www.youtube.com/watch?v=pFy9BXzh-9E
Pontos de Entidades,Pretos Velhos,N/A,Lá no céu tem 3 estrelas,Ijexá,https://www.youtube.com/watch?v=g8Wvi7kGJow
Pontos de Entidades,Pretos Velhos,N/A,Na Bahia tem um coco,Samba,https://www.youtube.com/watch?v=z5FGBPHLPbA
Pontos de Entidades,Pretos Velhos,N/A,Fui no jardim colher as rosas,Samba,https://www.youtube.com/watch?v=rF8zK3fJN8k
Pontos de Entidades,Pretos Velhos,N/A,A estrela e a lua eram duas irmãs,Ijexá,https://www.youtube.com/watch?v=CDKFLeS--_o
Pontos de Entidades,Pretos Velhos,N/A,Doum é amigo ,Samba,https://www.youtube.com/watch?v=BinKZAkpj-o
Pontos de Entidades,Pretos Velhos,N/A,Ele é pequinininho,Samba,https://www.youtube.com/watch?v=8zZQ2XoVimw
Pontos de Entidades,Pretos Velhos,N/A,Mas que lindo cavalo branco,Samba,https://www.youtube.com/watch?v=PRFQvsGHOVI
Pontos de Entidades,Pretos Velhos,N/A,Mariazinha nasceu na beira do rio,Samba,https://www.youtube.com/watch?v=pMxRHk0m7gE
Pontos de Entidades,Pretos Velhos,N/A,"Erê, Criança - Erê",Ijexa,https://www.youtube.com/watch?v=RbfNFrho4XQ
Pontos de Entidades,Pretos Velhos,N/A,Cosme e Damião a sua casa cheira,Ijexa,https://www.youtube.com/watch?v=rFp7mZ64nq8
Pontos de Entidades,Pretos Velhos,N/A,Erê está te chamando,Samba,https://www.youtube.com/watch?v=quVH7tUyq7I
Pontos de Entidades,Pretos Velhos,N/A,Ere esta te chamando,Ijexa,https://www.youtube.com/watch?v=2zP3lKCniIA
Pontos de Entidades,Pretos Velhos,N/A,Bahia é terra de 2,Congo,https://www.youtube.com/watch?v=dID5Cwlzf14
Pontos de Entidades,Pretos Velhos,N/A,Ele vem do mar,Samba,https://www.youtube.com/watch?v=ITgrrT9Xqwg
Pontos de Entidades,Pretos Velhos,N/A,Voa menina voa,Samba,https://www.youtube.com/watch?v=k9mr2yuyUzI
Pontos de Entidades,Pretos Velhos,N/A,Ibejada já vai embora (subida),Samba,https://www.youtube.com/watch?v=XaVo-bnZWcQ
Pontos de Entidades,Pretos Velhos,N/A,A onda vai,Samba,https://www.youtube.com/watch?v=Ui4KmDxg04A&t=43s
Pontos de Entidades,Erê,N/A,Canta Oxum,SAMBA/ IJEXÁ,https://www.youtube.com/watch?v=7X4V3fg4-Ns
Pontos de Entidades,Erê,N/A,Aguas de Oxum,IJEXÁ,https://www.youtube.com/watch?v=W7S8x02nvXM
Pontos de Entidades,Erê,N/A,Mamãe Oxum estava sentada na pedreira,IJEXÁ,https://www.youtube.com/watch?v=sYRX_aNBte0
Pontos de Entidades,Erê,N/A,Eu vi Mamãe Oxum na caxoeira,IJEXÁ,https://www.youtube.com/watch?v=1VtgdeaAVNk
Pontos de Entidades,Erê,N/A,Mamãe Oxum salve a sua cachoeira,IJEXÁ,https://www.youtube.com/watch?v=7f1L4N1ez0Q
Pontos de Entidades,Erê,N/A,Foi na beira do rio,IJEXÁ,https://www.youtube.com/watch?v=JN8KgP4bsXU
Pontos de Entidades,Erê,N/A,Oxúm Emoriô,IJEXÁ/ SAMBA,https://www.youtube.com/watch?v=yy1nY9fAm7g
Pontos de Entidades,Erê,N/A,A cachoeira da Mamãe Oxum,IJEXÁ,https://www.youtube.com/watch?v=no7bjvYSmAI
Pontos de Entidades,Erê,N/A,As Cores e Dores de Oxumarê,IJEXÁ,https://www.youtube.com/watch?v=6MECLR8mJpE
Pontos de Entidades,Erê,N/A,"Choveu, choveu",SAMBA,https://www.youtube.com/watch?v=Z16LDzpEtVE
Pontos de Entidades,Erê,N/A,Na força da Natureza,IJEXÁ,https://www.youtube.com/watch?v=bSg-jUf6IXk
Pontos de Entidades,Erê,N/A,O sol brilhou na umbanda,SAMBA,https://www.youtube.com/watch?v=fh3hkFB1MdI
Pontos de Entidades,Erê,N/A,Festa no Abaçá,Samba,https://www.youtube.com/watch?v=2LHrXsXRdWk
Pontos de Entidades,Erê,N/A,Brilha estrelinha / tem bala pirulito e chiclete,Barra Vento/ Samba,https://www.youtube.com/watch?v=cBRhrev8jSc
Pontos de Entidades,Erê,N/A,Me manda um balão / Papai Ogum mandou,Nagô,https://www.youtube.com/watch?v=EkXgoqQ3KSM
Pontos de Entidades,Erê,N/A,Criança vem de Aruanda,Samba,https://www.youtube.com/watch?v=jeZwssHh4rs
Pontos de Entidades,Erê,N/A,"Beijinho, beijinho como vem beirando o mar!",Nagô,https://www.youtube.com/watch?v=eYMZQuHB8zo
Pontos de Entidades,Erê,N/A,"1,2,3,4 / Eu quero doce / Oh Damião",Congo,https://www.youtube.com/watch?v=FJD5xXiCmb4
Pontos de Entidades,Erê,N/A,"Erê O Erê, O Erê, onde está o Erê",Barra Vento,https://www.youtube.com/watch?v=rrevR5mbaYs
Pontos de Entidades,Erê,N/A,Titia me deu cocada,Samba,https://www.youtube.com/watch?v=J7WR5DvISUU
Pontos de Entidades,Erê,N/A,Tem bala de coco e peteca,Samba,https://www.youtube.com/watch?v=BXAGXBc-5zg
Pontos de Entidades,Erê,N/A,Joãozinho e Mariazinha,Nagô,https://www.youtube.com/watch?v=JjQLCXByYNw
Pontos de Entidades,Erê,N/A,"Cosme Damião, Damião cade Doum",Nagô,https://www.youtube.com/watch?v=fv707oWS3GQ
Pontos de Entidades,Erê,N/A,É com a alegria das Crianças,Samba,https://www.youtube.com/watch?v=oTZkoiMXlp0
Pontos de Entidades,Erê,N/A,O meu Irmão,Nagô,https://www.youtube.com/watch?v=aZLBs6m5KQM
Pontos de Entidades,Erê,N/A,Flechinha,Congo,https://www.youtube.com/watch?v=LDZMlCdTsZU
Pontos de Entidades,Erê,N/A,Iemanja cade Ogum,Congo,https://www.youtube.com/watch?v=pFy9BXzh-9E
Pontos de Entidades,Erê,N/A,Lá no céu tem 3 estrelas,Ijexá,https://www.youtube.com/watch?v=g8Wvi7kGJow
Pontos de Entidades,Erê,N/A,Na Bahia tem um coco,Samba,https://www.youtube.com/watch?v=z5FGBPHLPbA
Pontos de Entidades,Erê,N/A,Fui no jardim colher as rosas,Samba,https://www.youtube.com/watch?v=rF8zK3fJN8k
Pontos de Entidades,Erê,N/A,A estrela e a lua eram duas irmãs,Ijexá,https://www.youtube.com/watch?v=CDKFLeS--_o
Pontos de Entidades,Erê,N/A,Doum é amigo ,Samba,https://www.youtube.com/watch?v=BinKZAkpj-o
Pontos de Entidades,Erê,N/A,Ele é pequinininho,Samba,https://www.youtube.com/watch?v=8zZQ2XoVimw
Pontos de Entidades,Erê,N/A,Mas que lindo cavalo branco,Samba,https://www.youtube.com/watch?v=PRFQvsGHOVI
Pontos de Entidades,Erê,N/A,Mariazinha nasceu na beira do rio,Samba,https://www.youtube.com/watch?v=pMxRHk0m7gE
Pontos de Entidades,Erê,N/A,"Erê, Criança - Erê",Ijexa,https://www.youtube.com/watch?v=RbfNFrho4XQ
Pontos de Entidades,Erê,N/A,Cosme e Damião a sua casa cheira,Ijexa,https://www.youtube.com/watch?v=rFp7mZ64nq8
Pontos de Entidades,Erê,N/A,Erê está te chamando,Samba,https://www.youtube.com/watch?v=quVH7tUyq7I
Pontos de Entidades,Erê,N/A,Ere esta te chamando,Ijexa,https://www.youtube.com/watch?v=2zP3lKCniIA
Pontos de Entidades,Erê,N/A,Bahia é terra de 2,Congo,https://www.youtube.com/watch?v=dID5Cwlzf14
Pontos de Entidades,Erê,N/A,Ele vem do mar,Samba,https://www.youtube.com/watch?v=ITgrrT9Xqwg
Pontos de Entidades,Erê,N/A,Voa menina voa,Samba,https://www.youtube.com/watch?v=k9mr2yuyUzI
Pontos de Entidades,Erê,N/A,"Erê Estrelinha, Levei uma Boneca",Nagô,https://www.youtube.com/watch?v=qPP3B8C2mCQ
Pontos de Entidades,Erê,N/A,Na beira da Praia eu vi,Congo,https://www.youtube.com/watch?v=wTzc77PwjV8&t=7s
Pontos de Entidades,Erê,N/A,Ibejada já vai embora (subida),Samba,https://www.youtube.com/watch?v=XaVo-bnZWcQ
Pontos de Entidades,Erê,N/A,A onda vai,Samba,https://www.youtube.com/watch?v=Ui4KmDxg04A&t=43s
Pontos de Rituais,Defumação,N/A,9 Anjos no Céu,Nagô,
Pontos de Rituais,Defumação,N/A,Eu fui na mata,Ijexâ,
Pontos de Rituais,Defumação,N/A,Ervas da Jurema,Ijexâ,
Pontos de Rituais,Defumação,N/A,Nossa Senhora Incensou,Congou,
Pontos de Rituais,Defumação,N/A,Meu Pai Oxóssi,Barra Vento,